"ID"";""Código"";""Descrição"";""Unidade"";""NCM"";""Origem"";""Preço"";""Valor IPI fixo"";""Observações"";""Situação"";""Estoque"";""Preço de custo"";""Cód. no fornecedor"";""Fornecedor"";""Localização"";""Estoque máximo"";""Estoque mínimo"";""Peso líquido (Kg)"";""Peso bruto (Kg)"";""GTIN/EAN"";""GTIN/EAN da Embalagem"";""Largura do produto"";""Altura do Produto"";""Profundidade do produto"";""Data Validade"";""Descrição do Produto no Fornecedor"";""Descrição Complementar"";""Itens p/ caixa"";""Produto Variação"";""Tipo Produção"";""Classe de enquadramento do IPI"";""Código na Lista de Serviços"";""Tipo do item"";""Grupo de Tags/Tags"";""Tributos"";""Código Pai"";""Código Integração"";""Grupo de produtos"";""Marca"";""CEST"";""Volumes"";""Descrição Curta"";""Cross-Docking"";""URL Imagens Externas"";""Link Externo"";""Meses Garantia no Fornecedor"";""Clonar dados do pai"";""Condição do Produto"";""Frete Grátis"";""Número FCI"";""Vídeo"";""Departamento"";""Unidade de Medida"";""Preço de Compra"";""Valor base ICMS ST para retenção"";""Valor ICMS ST para retenção"";""Valor ICMS próprio do substituto"";""Categoria do produto"";""Informações Adicionais"
"16469105397"";""CX/008/K	"";""KIT CAIXA FLORIDA"";""Un"";""3307.49.00"";""0"";""156,00"";""0,00"";"""";""Ativo"";""0,00"";""0,00"";""	"";"""";"""";""0,00"";""0,00"";""0,000"";""0,000"";""	"";""	"";""0,00"";""0,00"";""0,00"";"""";"""";"""";""0,00"";"""";""Própria"";"""";"""";"""";"""";""0,00"";"""";""0"";"""";"""";""28.056.00"";""0"";"""";""0"";"""";"""";"""";""NÃO"";""NÃO ESPECIFICADO"";""NÃO"";"""";"""";"""";""Centímetro"";""0,00"";""0,0000"";""0,0000"";""0,0000"";"""";""""
""16468696461"";""006/SE	"";""SACHÊ PERFUMADO TECIDO"";""UN"";""3307.49.00"";""0"";""38,00"";""0,00"";"""";""Ativo"";""2,00"";""0,00"";""	"";"""";"""";""0,00"";""0,00"";""0,000"";""0,000"";""	"";""	"";""0,00"";""0,00"";""0,00"";"""";"""";"""";""0,00"";"""";""Própria"";"""";"""";"""";"""";""0,00"";"""";""0"";"""";"""";""28.056.00"";""0"";"""";""0"";"""";"""";"""";""NÃO"";""NÃO ESPECIFICADO"";""NÃO"";"""";"""";"""";""Centímetro"";""0,00"";""0,0000"";""0,0000"";""0,0000"";"""";""""
""16468576766"";""CX/007/F	"";""CAIXA FLORIDA"";""UN"";""3307.49.00"";""0"";""51,00"";""0,00"";"""";""Ativo"";""0,00"";""0,00"";""	"";"""";"""";""0,00"";""0,00"";""0,000"";""0,000"";""	"";""	"";""0,00"";""0,00"";""0,00"";"""";"""";"""";""0,00"";"""";""Própria"";"""";"""";"""";"""";""0,00"";"""";""0"";"""";"""";""28.056.00"";""0"";"""";""0"";"""";"""";"""";""NÃO"";""NÃO ESPECIFICADO"";""NÃO"";"""";"""";"""";""Centímetro"";""0,00"";""0,0000"";""0,0000"";""0,0000"";"""";""""
""16458785194"";""2037/V	"";""VELA PERFUMADA"";""UN"";""3307.49.00"";""0"";""79,00"";""0,00"";"""";""Ativo"";""0,00"";""0,00"";""	"";"""";"""";""0,00"";""0,00"";""0,000"";""0,000"";""	"";""	"";""0,00"";""0,00"";""0,00"";"""";"""";"""";""0,00"";"""";""Própria"";"""";"""";"""";"""";""0,00"";"""";""0"";"""";"""";""28.056.00"";""0"";"""";""0"";"""";"""";"""";""NÃO"";""NÃO ESPECIFICADO"";""NÃO"";"""";"""";"""";""Centímetro"";""0,00"";""0,0000"";""0,0000"";""0,0000"";"""";""""
""16454777118"";""0054/D	"";""DIFUSOR VALÊNCIA COLORIDO"";""UN"";""3307.49.00"";""0"";""115,00"";""0,00"";"""";""Ativo"";""0,00"";""0,00"";""	"";"""";"""";""0,00"";""0,00"";""0,000"";""0,000"";""	"";""	"";""0,00"";""0,00"";""0,00"";"""";"""";"""";""0,00"";"""";""Própria"";"""";"""";"""";"""";""0,00"";"""";""0"";"""";"""";""28.056.00"";""0"";"""";""0"";"""";"""";"""";""NÃO"";""NÃO ESPECIFICADO"";""NÃO"";"""";"""";"""";""Centímetro"";""0,00"";""0,0000"";""0,0000"";""0,0000"";"""";""""
""16454776532"";""0054/S	"";""SABONETE VALÊNCIA COLORIDO"";""UN"";""3307.49.00"";""0"";""93,00"";""0,00"";"""";""Ativo"";""0,00"";""0,00"";""	"";"""";"""";""0,00"";""0,00"";""0,000"";""0,000"";""	"";""	"";""0,00"";""0,00"";""0,00"";"""";"""";"""";""0,00"";"""";""Própria"";"""";"""";"""";"""";""0,00"";"""";""0"";"""";"""";""28.056.00"";""0"";"""";""0"";"""";"""";"""";""NÃO"";""NÃO ESPECIFICADO"";""NÃO"";"""";"""";"""";""Centímetro"";""0,00"";""0,0000"";""0,0000"";""0,0000"";"""";""""
""16452829996"";""03099/KPC	"";""KIT PANO C/SPRAY 100ML PASCOA"";""UN"";""3307.49.00"";""0"";""82,00"";""0,00"";"""";""Ativo"";""0,00"";""0,00"";""	"";"""";"""";""0,00"";""0,00"";""0,000"";""0,000"";""	"";""	"";""0,00"";""0,00"";""0,00"";"""";"""";"""";""0,00"";"""";""Própria"";"""";"""";"""";"""";""0,00"";"""";""0"";"""";"""";""28.056.00"";""0"";"""";""0"";"""";"""";"""";""NÃO"";""NÃO ESPECIFICADO"";""NÃO"";"""";"""";"""";""Centímetro"";""0,00"";""0,0000"";""0,0000"";""0,0000"";"""";""""
""16452769833"";""CX/005/A	"";""CAIXA ACETATO"";""UN"";""3406.00.00"";""0"";""6,00"";""0,00"";"""";""Ativo"";""0,00"";""0,00"";""	"";"""";"""";""0,00"";""0,00"";""0,000"";""0,000"";""	"";""	"";""0,00"";""0,00"";""0,00"";"""";"""";"""";""0,00"";"""";""Própria"";"""";"""";"""";"""";""0,00"";"""";""0"";"""";"""";""28.056.00"";""0"";"""";""0"";"""";"""";"""";""NÃO"";""NÃO ESPECIFICADO"";""NÃO"";"""";"""";"""";""Centímetro"";""0,00"";""0,0000"";""0,0000"";""0,0000"";"""";""""
""16452715322"";""2036/V	"";""LATINHA C/ VELA PASCOA"";""UN"";""3307.49.00"";""0"";""32,00"";""0,00"";"""";""Ativo"";""0,00"";""0,00"";""	"";"""";"""";""0,00"";""0,00"";""0,000"";""0,000"";""	"";""	"";""0,00"";""0,00"";""0,00"";"""";"""";"""";""0,00"";"""";""Própria"";"""";"""";"""";"""";""0,00"";"""";""0"";"""";"""";""28.056.00"";""0"";"""";""0"";"""";"""";"""";""NÃO"";""NÃO ESPECIFICADO"";""NÃO"";"""";"""";"""";""Centímetro"";""0,00"";""0,0000"";""0,0000"";""0,0000"";"""";""""
""16451257843"";""1291/ES	"";""Pastilha Espirito Santo"";""UN"";""3307.49.00"";""0"";""20,00"";""0,00"";"""";""Ativo"";""0,00"";""0,00"";""	"";"""";"""";""0,00"";""0,00"";""0,000"";""0,000"";""	"";""	"";""0,00"";""0,00"";""0,00"";"""";"""";"""";""0,00"";"""";""Própria"";"""";"""";"""";"""";""0,00"";"""";""0"";"""";"""";""28.056.00"";""0"";"""";""0"";"""";"""";"""";""NÃO"";""NÃO ESPECIFICADO"";""NÃO"";"""";"""";"""";""Centímetro"";""0,00"";""0,0000"";""0,0000"";""0,0000"";"""";""""
""16451255734"";""2000/V	"";""VELA LATINHA"";""UN"";""3307.49.00"";""0"";""17,00"";""0,00"";"""";""Ativo"";""0,00"";""0,00"";""	"";"""";"""";""0,00"";""0,00"";""0,000"";""0,000"";""	"";""	"";""0,00"";""0,00"";""0,00"";"""";"""";"""";""0,00"";"""";""Própria"";"""";"""";"""";"""";""0,00"";"""";""0"";"""";"""";""28.056.00"";""0"";"""";""0"";"""";"""";"""";""NÃO"";""NÃO ESPECIFICADO"";""NÃO"";"""";"""";"""";""Metros"";""0,00"";""0,0000"";""0,0000"";""0,0000"";"""";""""
""16450046039"";""2035/V	"";""VELA C/ OVO LATINHA"";""UN"";""3307.49.00"";""0"";""49,00"";""0,00"";"""";""Ativo"";""0,00"";""0,00"";""	"";"""";"""";""0,00"";""0,00"";""0,000"";""0,000"";""	"";""	"";""0,00"";""0,00"";""0,00"";"""";"""";"""";""0,00"";"""";""Própria"";"""";"""";"""";"""";""0,00"";"""";""0"";"""";"""";""28.056.00"";""0"";"""";""0"";"""";"""";"""";""NÃO"";""NÃO ESPECIFICADO"";""NÃO"";"""";"""";"""";""Centímetro"";""0,00"";""0,0000"";""0,0000"";""0,0000"";"""";""""
""16449679413"";""9018/EH	"";""Essência Hidrossoluvel"";""UN"";""3307.49.00"";""0"";""34,90"";""0,00"";"""";""Ativo"";""0,00"";""0,00"";""	"";"""";"""";""0,00"";""0,00"";""0,000"";""0,000"";""	"";""	"";""0,00"";""0,00"";""0,00"";"""";"""";"""";""0,00"";"""";""Própria"";"""";"""";"""";"""";""0,00"";"""";""0"";"""";"""";""28.056.00"";""0"";"""";""0"";"""";"""";"""";""NÃO"";""NÃO ESPECIFICADO"";""NÃO"";"""";"""";"""";""Centímetro"";""0,00"";""0,0000"";""0,0000"";""0,0000"";"""";""""
""16448794745"";""0042/D	"";""DIFUSOR OCTÓGONO"";""UN"";""3307.49.00"";""0"";""62,00"";""0,00"";"""";""Ativo"";""0,00"";""0,00"";""	"";"""";"""";""0,00"";""0,00"";""0,000"";""0,000"";""	"";""	"";""0,00"";""0,00"";""0,00"";"""";"""";"""";""0,00"";"""";""Própria"";"""";"""";"""";"""";""0,00"";"""";""0"";"""";"""";""28.056.00"";""0"";"""";""0"";"""";"""";"""";""NÃO"";""NÃO ESPECIFICADO"";""NÃO"";"""";"""";"""";""Centímetro"";""0,00"";""0,0000"";""0,0000"";""0,0000"";"""";""""
""16448794682"";""0042/S	"";""SABONETE OCTÓGONO"";""UN"";""3307.49.00"";""0"";""59,00"";""0,00"";"""";""Ativo"";""0,00"";""0,00"";""	"";"""";"""";""0,00"";""0,00"";""0,000"";""0,000"";""	"";""	"";""0,00"";""0,00"";""0,00"";"""";"""";"""";""0,00"";"""";""Própria"";"""";"""";"""";"""";""0,00"";"""";""0"";"""";"""";""28.056.00"";""0"";"""";""0"";"""";"""";"""";""NÃO"";""NÃO ESPECIFICADO"";""NÃO"";"""";"""";"""";""Centímetro"";""0,00"";""0,0000"";""0,0000"";""0,0000"";"""";""""
""16446732041"";""02561/K	"";""KIT CAIXA C/ GESSO E SPRAY 2ML"";""UN"";""3307.49.00"";""0"";""51,00"";""0,00"";"""";""Ativo"";""0,00"";""0,00"";""	"";"""";"""";""0,00"";""0,00"";""0,000"";""0,000"";""	"";""	"";""0,00"";""0,00"";""0,00"";"""";"""";"""";""0,00"";"""";""Própria"";"""";"""";"""";"""";""0,00"";"""";""0"";"""";"""";""28.056.00"";""0"";"""";""0"";"""";"""";"""";""NÃO"";""NÃO ESPECIFICADO"";""NÃO"";"""";"""";"""";""Centímetro"";""0,00"";""0,0000"";""0,0000"";""0,0000"";"""";""""
""16445924100"";""9017/OER	"";""Oleo Essencial 10ml Rosa"";""UN"";""3307.49.00"";""0"";""62,00"";""0,00"";"""";""Ativo"";""0,00"";""0,00"";""	"";"""";"""";""0,00"";""0,00"";""0,000"";""0,000"";""	"";""	"";""0,00"";""0,00"";""0,00"";"""";"""";"""";""0,00"";"""";""Própria"";"""";"""";"""";"""";""0,00"";"""";""0"";"""";"""";""28.056.00"";""0"";"""";""0"";"""";"""";"""";""NÃO"";""NÃO ESPECIFICADO"";""NÃO"";"""";"""";"""";""Centímetro"";""0,00"";""0,0000"";""0,0000"";""0,0000"";"""";""""
""16445923998"";""9016/OEU	"";""Oleo Essencial 10ml Uva"";""UN"";""3307.49.00"";""0"";""46,00"";""0,00"";"""";""Ativo"";""0,00"";""0,00"";""	"";"""";"""";""0,00"";""0,00"";""0,000"";""0,000"";""	"";""	"";""0,00"";""0,00"";""0,00"";"""";"""";"""";""0,00"";"""";""Própria"";"""";"""";"""";"""";""0,00"";"""";""0"";"""";"""";""28.056.00"";""0"";"""";""0"";"""";"""";"""";""NÃO"";""NÃO ESPECIFICADO"";""NÃO"";"""";"""";"""";""Centímetro"";""0,00"";""0,0000"";""0,0000"";""0,0000"";"""";""""
""16445923567"";""9015/OEA	"";""Oleo Essencial 10ml Abacate"";""UN"";""3307.49.00"";""0"";""75,00"";""0,00"";"""";""Ativo"";""0,00"";""0,00"";""	"";"""";"""";""0,00"";""0,00"";""0,000"";""0,000"";""	"";""	"";""0,00"";""0,00"";""0,00"";"""";"""";"""";""0,00"";"""";""Própria"";"""";"""";"""";"""";""0,00"";"""";""0"";"""";"""";""28.056.00"";""0"";"""";""0"";"""";"""";"""";""NÃO"";""NÃO ESPECIFICADO"";""NÃO"";"""";"""";"""";""Centímetro"";""0,00"";""0,0000"";""0,0000"";""0,0000"";"""";""""
""16445923504"";""9014/OEY	"";""Oleo Essencial 10ml Ylang"";""UN"";""3307.49.00"";""0"";""104,00"";""0,00"";"""";""Ativo"";""1,00"";""0,00"";""	"";"""";"""";""0,00"";""0,00"";""0,000"";""0,000"";""	"";""	"";""0,00"";""0,00"";""0,00"";"""";"""";"""";""0,00"";"""";""Própria"";"""";"""";"""";"""";""0,00"";"""";""0"";"""";"""";""28.056.00"";""0"";"""";""0"";"""";"""";"""";""NÃO"";""NÃO ESPECIFICADO"";""NÃO"";"""";"""";"""";""Centímetro"";""0,00"";""0,0000"";""0,0000"";""0,0000"";"""";""""
""16445923391"";""9013/OEM	"";""Oleo Essencial 10ml Menta"";""UN"";""3307.49.00"";""0"";""42,00"";""0,00"";"""";""Ativo"";""0,00"";""0,00"";""	"";"""";"""";""0,00"";""0,00"";""0,000"";""0,000"";""	"";""	"";""0,00"";""0,00"";""0,00"";"""";"""";"""";""0,00"";"""";""Própria"";"""";"""";"""";"""";""0,00"";"""";""0"";"""";"""";""28.056.00"";""0"";"""";""0"";"""";"""";"""";""NÃO"";""NÃO ESPECIFICADO"";""NÃO"";"""";"""";"""";""Centímetro"";""0,00"";""0,0000"";""0,0000"";""0,0000"";"""";""""
""16445923300"";""9012/OEL	"";""Oleo Essencial 10ml Lavandin"";""UN"";""3307.49.00"";""0"";""43,00"";""0,00"";"""";""Ativo"";""0,00"";""0,00"";""	"";"""";"""";""0,00"";""0,00"";""0,000"";""0,000"";""	"";""	"";""0,00"";""0,00"";""0,00"";"""";"""";"""";""0,00"";"""";""Própria"";"""";"""";"""";"""";""0,00"";"""";""0"";"""";"""";""28.056.00"";""0"";"""";""0"";"""";"""";"""";""NÃO"";""NÃO ESPECIFICADO"";""NÃO"";"""";"""";"""";""Centímetro"";""0,00"";""0,0000"";""0,0000"";""0,0000"";"""";""""
""16445923165"";""9011/OELD	"";""Oleo Essencial 10ml Laranja Doce"";""UN"";""3307.49.00"";""0"";""28,00"";""0,00"";"""";""Ativo"";""0,00"";""0,00"";""	"";"""";"""";""0,00"";""0,00"";""0,000"";""0,000"";""	"";""	"";""0,00"";""0,00"";""0,00"";"""";"""";"""";""0,00"";"""";""Própria"";"""";"""";"""";"""";""0,00"";"""";""0"";"""";"""";""28.056.00"";""0"";"""";""0"";"""";"""";"""";""NÃO"";""NÃO ESPECIFICADO"";""NÃO"";"""";"""";"""";""Centímetro"";""0,00"";""0,0000"";""0,0000"";""0,0000"";"""";""""
""16445923045"";""9010/OEE	"";""Oleo Essencial 10ml Eucalipto"";""UN"";""3307.49.00"";""0"";""38,00"";""0,00"";"""";""Ativo"";""1,00"";""0,00"";""	"";"""";"""";""0,00"";""0,00"";""0,000"";""0,000"";""	"";""	"";""0,00"";""0,00"";""0,00"";"""";"""";"""";""0,00"";"""";""Própria"";"""";"""";"""";"""";""0,00"";"""";""0"";"""";"""";""28.056.00"";""0"";"""";""0"";"""";"""";"""";""NÃO"";""NÃO ESPECIFICADO"";""NÃO"";"""";"""";"""";""Centímetro"";""0,00"";""0,0000"";""0,0000"";""0,0000"";"""";""""
""16445922835"";""9009/OEB	"";""Oleo Essencial 10ml Bergamota"";""UN"";""3307.49.00"";""0"";""42,90"";""0,00"";"""";""Ativo"";""0,00"";""0,00"";""	"";"""";"""";""0,00"";""0,00"";""0,000"";""0,000"";""	"";""	"";""0,00"";""0,00"";""0,00"";"""";"""";"""";""0,00"";"""";""Própria"";"""";"""";"""";"""";""0,00"";"""";""0"";"""";"""";""28.056.00"";""0"";"""";""0"";"""";"""";"""";""NÃO"";""NÃO ESPECIFICADO"";""NÃO"";"""";"""";"""";""Centímetro"";""0,00"";""0,0000"";""0,0000"";""0,0000"";"""";""""
""16442345174"";""0062/AFV	"";""ARRANJO FLOR VIDRO"";""UN"";""3307.49.00"";""0"";""82,00"";""0,00"";"""";""Ativo"";""0,00"";""0,00"";""	"";"""";"""";""0,00"";""0,00"";""0,000"";""0,000"";""	"";""	"";""0,00"";""0,00"";""0,00"";"""";"""";"""";""0,00"";"""";""Própria"";"""";"""";"""";"""";""0,00"";"""";""0"";"""";"""";""28.056.00"";""0"";"""";""0"";"""";"""";"""";""NÃO"";""NÃO ESPECIFICADO"";""NÃO"";"""";"""";"""";""Centímetro"";""0,00"";""0,0000"";""0,0000"";""0,0000"";"""";""""
""16441659787"";""0061/AFN	"";""ARRANJO FLOR NINA"";""UN"";""3307.49.00"";""0"";""102,00"";""0,00"";"""";""Ativo"";""0,00"";""0,00"";""	"";"""";"""";""0,00"";""0,00"";""0,000"";""0,000"";""	"";""	"";""0,00"";""0,00"";""0,00"";"""";"""";"""";""0,00"";"""";""Própria"";"""";"""";"""";"""";""0,00"";"""";""0"";"""";"""";""28.056.00"";""0"";"""";""0"";"""";"""";"""";""NÃO"";""NÃO ESPECIFICADO"";""NÃO"";"""";"""";"""";""Centímetro"";""0,00"";""0,0000"";""0,0000"";""0,0000"";"""";""""
""16433141846"";""2034/V	"";""VELA VIDRO TAMPA DE MADEIRA"";""UN"";""3406.00.00"";""0"";""65,00"";""0,00"";"""";""Ativo"";""0,00"";""0,00"";""	"";"""";"""";""0,00"";""0,00"";""0,000"";""0,000"";""	"";""	"";""0,00"";""0,00"";""0,00"";"""";"""";"""";""0,00"";"""";""Própria"";"""";"""";"""";"""";""0,00"";"""";""0"";"""";"""";""28.056.00"";""0"";"""";""0"";"""";"""";"""";""NÃO"";""NÃO ESPECIFICADO"";""NÃO"";"""";"""";"""";""Centímetro"";""0,00"";""0,0000"";""0,0000"";""0,0000"";"""";""""
""16429537992"";""2033/V	"";""VELA OVO COM ORELHA PASCOA"";""UN"";""3406.00.00"";""0"";""16,00"";""0,00"";"""";""Ativo"";""0,00"";""0,00"";""	"";"""";"""";""0,00"";""0,00"";""0,000"";""0,000"";""	"";""	"";""0,00"";""0,00"";""0,00"";"""";"""";"""";""0,00"";"""";""Própria"";"""";"""";"""";"""";""0,00"";"""";""0"";"""";"""";""28.056.00"";""0"";"""";""0"";"""";"""";"""";""NÃO"";""NÃO ESPECIFICADO"";""NÃO"";"""";"""";"""";""Centímetro"";""0,00"";""0,0000"";""0,0000"";""0,0000"";"""";""""
""16429056088"";""02467/K	"";""KIT VARETA FLOR C/SPRAY 2ML"";""UN"";""3307.49.00"";""0"";""20,00"";""0,00"";"""";""Ativo"";""0,00"";""0,00"";""	"";"""";"""";""0,00"";""0,00"";""0,000"";""0,000"";""	"";""	"";""0,00"";""0,00"";""0,00"";"""";"""";"""";""0,00"";"""";""Própria"";"""";"""";"""";"""";""0,00"";"""";""0"";"""";"""";""28.056.00"";""0"";"""";""0"";"""";"""";"""";""NÃO"";""NÃO ESPECIFICADO"";""NÃO"";"""";"""";"""";""Centímetro"";""0,00"";""0,0000"";""0,0000"";""0,0000"";"""";""""
""16426125662"";""02466/CX	"";""CAIXA SPRAY 2ML C/ ANJO GESSO"";""UN"";""3307.49.00"";""0"";""55,00"";""0,00"";"""";""Ativo"";""0,00"";""0,00"";""	"";"""";"""";""0,00"";""0,00"";""0,000"";""0,000"";""	"";""	"";""0,00"";""0,00"";""0,00"";"""";"""";"""";""0,00"";"""";""Própria"";"""";"""";"""";"""";""0,00"";"""";""0"";"""";"""";""28.056.00"";""0"";"""";""0"";"""";"""";"""";""NÃO"";""NÃO ESPECIFICADO"";""NÃO"";"""";"""";"""";""Centímetro"";""0,00"";""0,0000"";""0,0000"";""0,0000"";"""";""""
""16425365616"";""02465/SCC	"";""KIT PASCOA C/CUBO 250ML E VELA COELHO"";""UN"";""3307.49.00"";""0"";""108,00"";""0,00"";"""";""Ativo"";""0,00"";""0,00"";""	"";"""";"""";""0,00"";""0,00"";""0,000"";""0,000"";""	"";""	"";""0,00"";""0,00"";""0,00"";"""";"""";"""";""0,00"";"""";""Própria"";"""";"""";"""";"""";""0,00"";"""";""0"";"""";"""";""28.056.00"";""0"";"""";""0"";"""";"""";"""";""NÃO"";""NÃO ESPECIFICADO"";""NÃO"";"""";"""";"""";""Centímetro"";""0,00"";""0,0000"";""0,0000"";""0,0000"";"""";""""
""16425340451"";""02465/CSVO	"";""KIT PASCOA CONJUNTO SQUARE COM DUAS VELAS OVOS"";""UN"";""3307.49.00"";""0"";""185,00"";""0,00"";"""";""Ativo"";""0,00"";""0,00"";""	"";"""";"""";""0,00"";""0,00"";""0,000"";""0,000"";""	"";""	"";""0,00"";""0,00"";""0,00"";"""";"""";"""";""0,00"";"""";""Própria"";"""";"""";"""";"""";""0,00"";"""";""0"";"""";"""";""28.056.00"";""0"";"""";""0"";"""";"""";"""";""NÃO"";""NÃO ESPECIFICADO"";""NÃO"";"""";"""";"""";""Centímetro"";""0,00"";""0,0000"";""0,0000"";""0,0000"";"""";""""
""16425333052"";""02465/SCVO	"";""KIT PASCOA C/CUBO 250ML E DUAS VELAS OVOS"";""UN"";""3307.49.00"";""0"";""103,00"";""0,00"";"""";""Ativo"";""0,00"";""0,00"";""	"";"""";"""";""0,00"";""0,00"";""0,000"";""0,000"";""	"";""	"";""0,00"";""0,00"";""0,00"";"""";"""";"""";""0,00"";"""";""Própria"";"""";"""";"""";"""";""0,00"";"""";""0"";"""";"""";""28.056.00"";""0"";"""";""0"";"""";"""";"""";""NÃO"";""NÃO ESPECIFICADO"";""NÃO"";"""";"""";"""";""Centímetro"";""0,00"";""0,0000"";""0,0000"";""0,0000"";"""";""""
""16425330180"";""02465/SCVC	"";""KIT PASCOA C/CUBO 100ML E VELA COELHO"";""UN"";""3307.49.00"";""0"";""87,00"";""0,00"";"""";""Ativo"";""0,00"";""0,00"";""	"";"""";"""";""0,00"";""0,00"";""0,000"";""0,000"";""	"";""	"";""0,00"";""0,00"";""0,00"";"""";"""";"""";""0,00"";"""";""Própria"";"""";"""";"""";"""";""0,00"";"""";""0"";"""";"""";""28.056.00"";""0"";"""";""0"";"""";"""";"""";""NÃO"";""NÃO ESPECIFICADO"";""NÃO"";"""";"""";"""";""Centímetro"";""0,00"";""0,0000"";""0,0000"";""0,0000"";"""";""""
""16425326815"";""02465/SCBVC	"";""KIT PASCOA C/SABONETE CILINDRICO BAIXO E VELA COELHO"";""UN"";""3307.49.00"";""0"";""101,00"";""0,00"";"""";""Ativo"";""0,00"";""0,00"";""	"";"""";"""";""0,00"";""0,00"";""0,000"";""0,000"";""	"";""	"";""0,00"";""0,00"";""0,00"";"""";"""";"""";""0,00"";"""";""Própria"";"""";"""";"""";"""";""0,00"";"""";""0"";"""";"""";""28.056.00"";""0"";"""";""0"";"""";"""";"""";""NÃO"";""NÃO ESPECIFICADO"";""NÃO"";"""";"""";"""";""Centímetro"";""0,00"";""0,0000"";""0,0000"";""0,0000"";"""";""""
""16425321279"";""0016/D	"";""DIFUSOR CILINDRICO BAIXO"";""UN"";""3307.49.00"";""0"";""75,00"";""0,00"";"""";""Ativo"";""9,00"";""0,00"";""	"";"""";"""";""0,00"";""0,00"";""0,000"";""0,000"";""	"";""	"";""0,00"";""0,00"";""0,00"";"""";"""";"""";""0,00"";"""";""Própria"";"""";"""";"""";"""";""0,00"";"""";""0"";"""";"""";""28.056.00"";""0"";"""";""0"";"""";"""";"""";""NÃO"";""NÃO ESPECIFICADO"";""NÃO"";"""";"""";"""";""Centímetro"";""0,00"";""0,0000"";""0,0000"";""0,0000"";"""";""""
""16425319087"";""0016/S	"";""SABONETE CILINDRICO BAIXO"";""UN"";""3307.49.00"";""0"";""65,00"";""0,00"";"""";""Ativo"";""3,00"";""0,00"";""	"";"""";"""";""0,00"";""0,00"";""0,000"";""0,000"";""	"";""	"";""0,00"";""0,00"";""0,00"";"""";"""";"""";""0,00"";"""";""Própria"";"""";"""";"""";"""";""0,00"";"""";""0"";"""";"""";""28.056.00"";""0"";"""";""0"";"""";"""";"""";""NÃO"";""NÃO ESPECIFICADO"";""NÃO"";"""";"""";"""";""Centímetro"";""0,00"";""0,0000"";""0,0000"";""0,0000"";"""";""""
""16418081252"";""ABO001	"";""ARRANJO BOLHA"";""UN"";""0603.90.00"";""0"";""120,00"";""0,00"";"""";""Ativo"";""0,00"";""0,00"";""	"";"""";"""";""0,00"";""0,00"";""0,000"";""0,000"";""	"";""	"";""0,00"";""0,00"";""0,00"";"""";"""";"""";""0,00"";"""";""Própria"";"""";"""";"""";"""";""0,00"";"""";""0"";"""";"""";""28.999.00"";""0"";"""";""0"";"""";"""";"""";""NÃO"";""NÃO ESPECIFICADO"";""NÃO"";"""";"""";"""";""Centímetro"";""0,00"";""0,0000"";""0,0000"";""0,0000"";"""";""""
""16415361582"";""0037/D	"";""DIFUSOR MADRI COLORIDO"";""UN"";""3307.49.00"";""0"";""86,00"";""0,00"";"""";""Ativo"";""0,00"";""0,00"";""	"";"""";"""";""0,00"";""0,00"";""0,000"";""0,000"";""	"";""	"";""0,00"";""0,00"";""0,00"";"""";"""";"""";""0,00"";"""";""Própria"";"""";"""";"""";"""";""0,00"";"""";""0"";"""";"""";""28.056.00"";""0"";"""";""0"";"""";"""";"""";""NÃO"";""NÃO ESPECIFICADO"";""NÃO"";"""";"""";"""";""Centímetro"";""0,00"";""0,0000"";""0,0000"";""0,0000"";"""";""""
""16415361441"";""0037/S	"";""SABONETE MADRI COLORIDO"";""UN"";""3307.49.00"";""0"";""75,00"";""0,00"";"""";""Ativo"";""0,00"";""0,00"";""	"";"""";"""";""0,00"";""0,00"";""0,000"";""0,000"";""	"";""	"";""0,00"";""0,00"";""0,00"";"""";"""";"""";""0,00"";"""";""Própria"";"""";"""";"""";"""";""0,00"";"""";""0"";"""";"""";""28.056.00"";""0"";"""";""0"";"""";"""";"""";""NÃO"";""NÃO ESPECIFICADO"";""NÃO"";"""";"""";"""";""Centímetro"";""0,00"";""0,0000"";""0,0000"";""0,0000"";"""";""""
""16414337158"";""9008/EFC	"";""Essência Flor de Cerejeira"";""UN"";""3307.49.00"";""0"";""22,00"";""0,00"";"""";""Ativo"";""0,00"";""0,00"";""	"";"""";"""";""0,00"";""0,00"";""0,000"";""0,000"";""	"";""	"";""0,00"";""0,00"";""0,00"";"""";"""";"""";""0,00"";"""";""Própria"";"""";"""";"""";"""";""0,00"";"""";""0"";"""";"""";""28.056.00"";""0"";"""";""0"";"""";"""";"""";""NÃO"";""NÃO ESPECIFICADO"";""NÃO"";"""";"""";"""";""Centímetro"";""0,00"";""0,0000"";""0,0000"";""0,0000"";"""";""""
""16414336811"";""9007/EC	"";""Essência Canela"";""UN"";""3307.49.00"";""0"";""22,00"";""0,00"";"""";""Ativo"";""0,00"";""0,00"";""	"";"""";"""";""0,00"";""0,00"";""0,000"";""0,000"";""	"";""	"";""0,00"";""0,00"";""0,00"";"""";"""";"""";""0,00"";"""";""Própria"";"""";"""";"""";"""";""0,00"";"""";""0"";"""";"""";""28.056.00"";""0"";"""";""0"";"""";"""";"""";""NÃO"";""NÃO ESPECIFICADO"";""NÃO"";"""";"""";"""";""Centímetro"";""0,00"";""0,0000"";""0,0000"";""0,0000"";"""";""""
""16414336220"";""9006/EB	"";""Essência Breezy"";""UN"";""3307.49.00"";""0"";""22,00"";""0,00"";"""";""Ativo"";""0,00"";""0,00"";""	"";"""";"""";""0,00"";""0,00"";""0,000"";""0,000"";""	"";""	"";""0,00"";""0,00"";""0,00"";"""";"""";"""";""0,00"";"""";""Própria"";"""";"""";"""";"""";""0,00"";"""";""0"";"""";"""";""28.056.00"";""0"";"""";""0"";"""";"""";"""";""NÃO"";""NÃO ESPECIFICADO"";""NÃO"";"""";"""";"""";""Centímetro"";""0,00"";""0,0000"";""0,0000"";""0,0000"";"""";""""
""16414335206"";""9005/OETM	"";""Oleo Essencial 10ml Tree/Melaleuca"";""UN"";""3301.29.90"";""0"";""47,00"";""0,00"";"""";""Ativo"";""0,00"";""0,00"";""	"";"""";"""";""0,00"";""0,00"";""0,000"";""0,000"";""	"";""	"";""0,00"";""0,00"";""0,00"";"""";"""";"""";""0,00"";"""";""Própria"";"""";"""";"""";"""";""0,00"";"""";""0"";"""";"""";""20.006.00"";""0"";"""";""0"";"""";"""";"""";""NÃO"";""NÃO ESPECIFICADO"";""NÃO"";"""";"""";"""";""Centímetro"";""0,00"";""0,0000"";""0,0000"";""0,0000"";"""";""""
""16414333865"";""9004/OEMP	"";""Oleo Essencial 10ml Menta Piperita"";""UN"";""3301.24.00"";""0"";""47,00"";""0,00"";"""";""Ativo"";""0,00"";""0,00"";""	"";"""";"""";""0,00"";""0,00"";""0,000"";""0,000"";""	"";""	"";""0,00"";""0,00"";""0,00"";"""";"""";"""";""0,00"";"""";""Própria"";"""";"""";"""";"""";""0,00"";"""";""0"";"""";"""";""20.006.00"";""0"";"""";""0"";"""";"""";"""";""NÃO"";""NÃO ESPECIFICADO"";""NÃO"";"""";"""";"""";""Centímetro"";""0,00"";""0,0000"";""0,0000"";""0,0000"";"""";""""
""16414333638"";""9004/OELS	"";""Oleo Essencial 10ml Limão Siciliano"";""UN"";""3301.19.90"";""0"";""42,00"";""0,00"";"""";""Ativo"";""1,00"";""0,00"";""	"";"""";"""";""0,00"";""0,00"";""0,000"";""0,000"";""	"";""	"";""0,00"";""0,00"";""0,00"";"""";"""";"""";""0,00"";"""";""Própria"";"""";"""";"""";"""";""0,00"";"""";""0"";"""";"""";""20.006.00"";""0"";"""";""0"";"""";"""";"""";""NÃO"";""NÃO ESPECIFICADO"";""NÃO"";"""";"""";"""";""Centímetro"";""0,00"";""0,0000"";""0,0000"";""0,0000"";"""";""""
""16414333262"";""9003/OELG	"";""Oleo Essencial 10ml Lemon Grass"";""UN"";""3301.29.14"";""0"";""38,00"";""0,00"";"""";""Ativo"";""0,00"";""0,00"";""	"";"""";"""";""0,00"";""0,00"";""0,000"";""0,000"";""	"";""	"";""0,00"";""0,00"";""0,00"";"""";"""";"""";""0,00"";"""";""Própria"";"""";"""";"""";"""";""0,00"";"""";""0"";"""";"""";""20.006.00"";""0"";"""";""0"";"""";"""";"""";""NÃO"";""NÃO ESPECIFICADO"";""NÃO"";"""";"""";"""";""Centímetro"";""0,00"";""0,0000"";""0,0000"";""0,0000"";"""";""""
""16414332026"";""9002/OEL	"";""Oleo Essencial 10ml Lavanda"";""UN"";""3301.29.21"";""0"";""50,00"";""0,00"";"""";""Ativo"";""0,00"";""0,00"";""	"";"""";"""";""0,00"";""0,00"";""0,000"";""0,000"";""	"";""	"";""0,00"";""0,00"";""0,00"";"""";"""";"""";""0,00"";"""";""Própria"";"""";"""";"""";"""";""0,00"";"""";""0"";"""";"""";""20.006.00"";""0"";"""";""0"";"""";"""";"""";""NÃO"";""NÃO ESPECIFICADO"";""NÃO"";"""";"""";"""";""Centímetro"";""0,00"";""0,0000"";""0,0000"";""0,0000"";"""";""""
""16414330616"";""9001/OEC	"";""Oleo Essencial 10ml Citronela"";""UN"";""3301.29.11"";""0"";""37,00"";""0,00"";"""";""Ativo"";""0,00"";""0,00"";""	"";"""";"""";""0,00"";""0,00"";""0,000"";""0,000"";""	"";""	"";""0,00"";""0,00"";""0,00"";"""";"""";"""";""0,00"";"""";""Própria"";"""";"""";"""";"""";""0,00"";"""";""0"";"""";"""";""20.006.00"";""0"";"""";""0"";"""";"""";"""";""NÃO"";""NÃO ESPECIFICADO"";""NÃO"";"""";"""";"""";""Centímetro"";""0,00"";""0,0000"";""0,0000"";""0,0000"";"""";""""
""16414330197"";""9000/OEA	"";""Oleo Essencial 10ml Alecrim"";""UN"";""3301.29.90"";""0"";""42,00"";""0,00"";"""";""Ativo"";""0,00"";""0,00"";""	"";"""";"""";""0,00"";""0,00"";""0,000"";""0,000"";""	"";""	"";""0,00"";""0,00"";""0,00"";"""";"""";"""";""0,00"";"""";""Própria"";"""";"""";"""";"""";""0,00"";"""";""0"";"""";"""";""20.006.00"";""0"";"""";""0"";"""";"""";"""";""NÃO"";""NÃO ESPECIFICADO"";""NÃO"";"""";"""";"""";""Centímetro"";""0,00"";""0,0000"";""0,0000"";""0,0000"";"""";""""
""16410229476"";""0029/D	"";""DIFUSOR ESMERALDA 350ML"";""UN"";""3307.49.00"";""0"";""113,00"";""0,00"";"""";""Ativo"";""6,00"";""0,00"";""	"";"""";"""";""0,00"";""0,00"";""0,000"";""0,000"";""	"";""	"";""0,00"";""0,00"";""0,00"";"""";"""";"""";""0,00"";"""";""Própria"";"""";"""";"""";"""";""0,00"";"""";""0"";"""";"""";""28.056.00"";""0"";"""";""0"";"""";"""";"""";""NÃO"";""NÃO ESPECIFICADO"";""NÃO"";"""";"""";"""";""Centímetro"";""0,00"";""0,0000"";""0,0000"";""0,0000"";"""";""""
""16410229093"";""0029/S	"";""SABONETE ESMERALDA 350ML"";""UN"";""3307.49.00"";""0"";""93,00"";""0,00"";"""";""Ativo"";""9,00"";""0,00"";""	"";"""";"""";""0,00"";""0,00"";""0,000"";""0,000"";""	"";""	"";""0,00"";""0,00"";""0,00"";"""";"""";"""";""0,00"";"""";""Própria"";"""";"""";"""";"""";""0,00"";"""";""0"";"""";"""";""28.056.00"";""0"";"""";""0"";"""";"""";"""";""NÃO"";""NÃO ESPECIFICADO"";""NÃO"";"""";"""";"""";""Centímetro"";""0,00"";""0,0000"";""0,0000"";""0,0000"";"""";""""
""16406568073"";""0059/S	"";""SABONETE YOGI 360ML"";""UN"";""3307.49.00"";""0"";""93,00"";""0,00"";"""";""Ativo"";""3,00"";""0,00"";""	"";"""";"""";""0,00"";""0,00"";""0,000"";""0,000"";""	"";""	"";""0,00"";""0,00"";""0,00"";"""";"""";"""";""0,00"";"""";""Própria"";"""";"""";"""";"""";""0,00"";"""";""0"";"""";"""";""28.056.00"";""0"";"""";""0"";"""";"""";"""";""NÃO"";""NÃO ESPECIFICADO"";""NÃO"";"""";"""";"""";""Centímetro"";""0,00"";""0,0000"";""0,0000"";""0,0000"";"""";""""
""16406567941"";""0059/D	"";""DIFUSOR YOGI 360ML"";""UN"";""3307.49.00"";""0"";""112,00"";""0,00"";"""";""Ativo"";""2,00"";""0,00"";""	"";"""";"""";""0,00"";""0,00"";""0,000"";""0,000"";""	"";""	"";""0,00"";""0,00"";""0,00"";"""";"""";"""";""0,00"";"""";""Própria"";"""";"""";"""";"""";""0,00"";"""";""0"";"""";"""";""28.056.00"";""0"";"""";""0"";"""";"""";"""";""NÃO"";""NÃO ESPECIFICADO"";""NÃO"";"""";"""";"""";""Centímetro"";""0,00"";""0,0000"";""0,0000"";""0,0000"";"""";""""
""16397088648"";""0079/G	"";""Galão de essência"";""Un"";""3307.49.00"";""0"";""490,00"";""0,00"";"""";""Ativo"";""0,00"";""0,00"";""	"";"""";"""";""0,00"";""0,00"";""0,000"";""0,000"";""	"";""	"";""0,00"";""0,00"";""0,00"";"""";"""";"""";""0,00"";"""";""Própria"";"""";"""";"""";"""";""0,00"";"""";""0"";"""";"""";""28.056.00"";""0"";"""";""0"";"""";"""";"""";""NÃO"";""NOVO"";""NÃO"";"""";"""";"""";""Centímetro"";""0,00"";""0,0000"";""0,0000"";""0,0000"";"""";""""
""16366336999"";""0038/D	"";""DIFUSOR MINI NINA"";""UN"";""3307.49.00"";""0"";""65,00"";""0,00"";"""";""Ativo"";""0,00"";""0,00"";""	"";"""";"""";""0,00"";""0,00"";""0,000"";""0,000"";""	"";""	"";""0,00"";""0,00"";""0,00"";"""";"""";"""";""0,00"";"""";""Própria"";"""";"""";"""";"""";""0,00"";"""";""0"";"""";"""";""28.056.00"";""0"";"""";""0"";"""";"""";"""";""NÃO"";""NOVO"";""NÃO"";"""";"""";"""";""Centímetro"";""0,00"";""0,0000"";""0,0000"";""0,0000"";"""";""""
""16356373091"";""CX/006/N	"";""CAIXA KIT NATAL C/TOALHA"";""UN"";""3307.49.00"";""0"";""104,00"";""0,00"";"""";""Ativo"";""0,00"";""0,00"";""	"";"""";"""";""0,00"";""0,00"";""0,000"";""0,000"";""	"";""	"";""0,00"";""0,00"";""0,00"";"""";"""";"""";""0,00"";"""";""Própria"";"""";"""";"""";"""";""0,00"";"""";""0"";"""";"""";""28.056.00"";""0"";"""";""0"";"""";"""";"""";""NÃO"";""NOVO"";""NÃO"";"""";"""";"""";""Centímetro"";""0,00"";""0,0000"";""0,0000"";""0,0000"";"""";""""
""16354309914"";""8120/LA	"";""Latinha Pascoa"";""UN"";""3307.49.00"";""0"";""15,00"";""0,00"";"""";""Ativo"";""0,00"";""0,00"";""	"";"""";"""";""0,00"";""0,00"";""0,000"";""0,000"";""	"";""	"";""0,00"";""0,00"";""0,00"";"""";"""";"""";""0,00"";"""";""Própria"";"""";"""";"""";"""";""0,00"";"""";""0"";"""";"""";""28.056.00"";""0"";"""";""0"";"""";"""";"""";""NÃO"";""NOVO"";""NÃO"";"""";"""";"""";""Centímetro"";""0,00"";""0,0000"";""0,0000"";""0,0000"";"""";""""
""16352853420"";""0006/C	"";""CHEIRO CARRO NATAL"";""UN"";""3307.49.00"";""0"";""30,00"";""0,00"";"""";""Ativo"";""0,00"";""0,00"";""	"";"""";"""";""0,00"";""0,00"";""0,000"";""0,000"";""	"";""	"";""0,00"";""0,00"";""0,00"";"""";"""";"""";""0,00"";"""";""Própria"";"""";"""";"""";"""";""0,00"";"""";""0"";"""";"""";""28.056.00"";""0"";"""";""0"";"""";"""";"""";""NÃO"";""NOVO"";""NÃO"";"""";"""";"""";""Centímetro"";""0,00"";""0,0000"";""0,0000"";""0,0000"";"""";""""
""16348895109"";""0062/D	"";""MINI DIFUSOR CILINDRICO"";""UN"";""3307.49.00"";""0"";""35,00"";""0,00"";"""";""Ativo"";""0,00"";""0,00"";""	"";"""";"""";""0,00"";""0,00"";""0,000"";""0,000"";""	"";""	"";""0,00"";""0,00"";""0,00"";"""";"""";"""";""0,00"";"""";""Própria"";"""";"""";"""";"""";""0,00"";"""";""0"";"""";"""";""28.056.00"";""0"";"""";""0"";"""";"""";"""";""NÃO"";""NOVO"";""NÃO"";"""";"""";"""";""Centímetro"";""0,00"";""0,0000"";""0,0000"";""0,0000"";"""";""""
""16348894707"";""AF002	"";""ARRANJO FLOR P"";""UN"";""0603.90.00"";""0"";""59,00"";""0,00"";"""";""Ativo"";""0,00"";""0,00"";""	"";"""";"""";""0,00"";""0,00"";""0,000"";""0,000"";""	"";""	"";""0,00"";""0,00"";""0,00"";"""";"""";"""";""0,00"";"""";""Própria"";"""";"""";"""";"""";""0,00"";"""";""0"";"""";"""";""28.999.00"";""0"";"""";""0"";"""";"""";"""";""NÃO"";""NOVO"";""NÃO"";"""";"""";"""";""Centímetro"";""0,00"";""0,0000"";""0,0000"";""0,0000"";"""";""""
""16348894521"";""VDP001	"";""VASO DOURADO P"";""UN"";""0603.90.00"";""0"";""99,00"";""0,00"";"""";""Ativo"";""0,00"";""0,00"";""	"";"""";"""";""0,00"";""0,00"";""0,000"";""0,000"";""	"";""	"";""0,00"";""0,00"";""0,00"";"""";"""";"""";""0,00"";"""";""Própria"";"""";"""";"""";"""";""0,00"";"""";""0"";"""";"""";""28.999.00"";""0"";"""";""0"";"""";"""";"""";""NÃO"";""NOVO"";""NÃO"";"""";"""";"""";""Centímetro"";""0,00"";""0,0000"";""0,0000"";""0,0000"";"""";""""
""16348894458"";""ANF001	"";""ARRANJO DE NATAL FLORES"";""UN"";""0603.90.00"";""0"";""139,00"";""0,00"";"""";""Ativo"";""0,00"";""0,00"";""	"";"""";"""";""0,00"";""0,00"";""0,000"";""0,000"";""	"";""	"";""0,00"";""0,00"";""0,00"";"""";"""";"""";""0,00"";"""";""Própria"";"""";"""";"""";"""";""0,00"";"""";""0"";"""";"""";""28.999.00"";""0"";"""";""0"";"""";"""";"""";""NÃO"";""NOVO"";""NÃO"";"""";"""";"""";""Centímetro"";""0,00"";""0,0000"";""0,0000"";""0,0000"";"""";""""
""16344215726"";""0053/S	"";""SABONETE TURMALINA"";""Un"";""3307.49.00"";""0"";""78,00"";""0,00"";"""";""Ativo"";""3,00"";""0,00"";""	"";"""";"""";""0,00"";""0,00"";""0,000"";""0,000"";""	"";""	"";""0,00"";""0,00"";""0,00"";"""";"""";"""";""0,00"";"""";""Própria"";"""";"""";"""";"""";""0,00"";"""";""0"";"""";"""";"""";""0"";"""";""0"";"""";"""";"""";""NÃO"";""NOVO"";""NÃO"";"""";"""";"""";""Centímetro"";""0,00"";""0,0000"";""0,0000"";""0,0000"";"""";""""
""16344215399"";""0053/D	"";""DIFUSOR TURMALINA"";""Un"";""3307.49.00"";""0"";""98,00"";""0,00"";"""";""Ativo"";""3,00"";""0,00"";""	"";"""";"""";""0,00"";""0,00"";""0,000"";""0,000"";""	"";""	"";""0,00"";""0,00"";""0,00"";"""";"""";"""";""0,00"";"""";""Própria"";"""";"""";"""";"""";""0,00"";"""";""0"";"""";"""";"""";""0"";"""";""0"";"""";"""";"""";""NÃO"";""NOVO"";""NÃO"";"""";"""";"""";""Centímetro"";""0,00"";""0,0000"";""0,0000"";""0,0000"";"""";""""
""16320439656"";""AB024	"";""ARRANJO BRANCO P"";""UN"";""0603.90.00"";""0"";""99,00"";""0,00"";"""";""Ativo"";""0,00"";""0,00"";""	"";"""";"""";""0,00"";""0,00"";""0,000"";""0,000"";""	"";""	"";""0,00"";""0,00"";""0,00"";"""";"""";"""";""0,00"";"""";""Própria"";"""";"""";"""";"""";""0,00"";"""";""0"";"""";"""";""28.999.00"";""0"";"""";""0"";"""";"""";"""";""NÃO"";""NOVO"";""NÃO"";"""";"""";"""";""Centímetro"";""0,00"";""0,0000"";""0,0000"";""0,0000"";"""";""""
""16319725856"";""AG023	"";""ARRANJO GARRAFINHA"";""UN"";""0603.90.00"";""0"";""59,00"";""0,00"";"""";""Ativo"";""0,00"";""0,00"";""	"";"""";"""";""0,00"";""0,00"";""0,000"";""0,000"";""	"";""	"";""0,00"";""0,00"";""0,00"";"""";"""";"""";""0,00"";"""";""Própria"";"""";"""";"""";"""";""0,00"";"""";""0"";"""";"""";""28.999.00"";""0"";"""";""0"";"""";"""";"""";""NÃO"";""NOVO"";""NÃO"";"""";"""";"""";""Centímetro"";""0,00"";""0,0000"";""0,0000"";""0,0000"";"""";""""
""16319070991"";""VV040	"";""VASO CANTO MADEIRA"";""UN"";""0603.90.00"";""0"";""299,00"";""0,00"";"""";""Ativo"";""0,00"";""0,00"";""	"";"""";"""";""0,00"";""0,00"";""0,000"";""0,000"";""	"";""	"";""0,00"";""0,00"";""0,00"";"""";"""";"""";""0,00"";"""";""Própria"";"""";"""";"""";"""";""0,00"";"""";""0"";"""";"""";""28.999.00"";""0"";"""";""0"";"""";"""";"""";""NÃO"";""NOVO"";""NÃO"";"""";"""";"""";""Centímetro"";""0,00"";""0,0000"";""0,0000"";""0,0000"";"""";""""
""16319068623"";""03097/V	"";""VÁLVULA DIFUSOR"";""UN"";""8481.80.91"";""0"";""10,00"";""0,00"";"""";""Ativo"";""0,00"";""0,00"";""	"";"""";"""";""0,00"";""0,00"";""0,000"";""0,000"";""	"";""	"";""0,00"";""0,00"";""0,00"";"""";"""";"""";""0,00"";"""";""Própria"";"""";"""";"""";"""";""0,00"";"""";""0"";"""";"""";""10.079.00"";""0"";"""";""0"";"""";"""";"""";""NÃO"";""NOVO"";""NÃO"";"""";"""";"""";""Centímetro"";""0,00"";""0,0000"";""0,0000"";""0,0000"";"""";""""
""16310958658"";""CC002	"";""CORAÇÃO CROCHE G"";""UN"";""0603.90.00"";""0"";""79,00"";""0,00"";"""";""Ativo"";""0,00"";""0,00"";""	"";"""";"""";""0,00"";""0,00"";""0,000"";""0,000"";""	"";""	"";""0,00"";""0,00"";""0,00"";"""";"""";"""";""0,00"";"""";""Própria"";"""";"""";"""";"""";""0,00"";"""";""0"";"""";"""";"""";""0"";"""";""0"";"""";"""";"""";""NÃO"";""NOVO"";""NÃO"";"""";"""";"""";""Centímetro"";""0,00"";""0,0000"";""0,0000"";""0,0000"";"""";""""
""16303436702"";""CP006	"";""CAIXOTE P"";""UN"";""0603.90.00"";""0"";""149,00"";""0,00"";"""";""Ativo"";""1,00"";""0,00"";""	"";"""";"""";""0,00"";""0,00"";""0,000"";""0,000"";""	"";""	"";""0,00"";""0,00"";""0,00"";"""";"""";"""";""0,00"";"""";""Própria"";"""";"""";"""";"""";""0,00"";"""";""0"";"""";"""";""28.999.00"";""0"";"""";""0"";"""";"""";"""";""NÃO"";""NOVO"";""NÃO"";"""";"""";"""";""Metros"";""0,00"";""0,0000"";""0,0000"";""0,0000"";"""";""""
""16303436256"";""AC022	"";""ARRANJO CERÂMICA"";""UN"";""0603.90.00"";""0"";""199,00"";""0,00"";"""";""Ativo"";""1,00"";""0,00"";""	"";"""";"""";""0,00"";""0,00"";""0,000"";""0,000"";""	"";""	"";""0,00"";""0,00"";""0,00"";"""";"""";"""";""0,00"";"""";""Própria"";"""";"""";"""";"""";""0,00"";"""";""0"";"""";"""";""28.999.00"";""0"";"""";""0"";"""";"""";"""";""NÃO"";""NOVO"";""NÃO"";"""";"""";"""";""Metros"";""0,00"";""0,0000"";""0,0000"";""0,0000"";"""";""""
""16303435956"";""AE021	"";""ARRANJO ESPIRAL"";""UN"";""0603.90.00"";""0"";""169,00"";""0,00"";"""";""Ativo"";""1,00"";""0,00"";""	"";"""";"""";""0,00"";""0,00"";""0,000"";""0,000"";""	"";""	"";""0,00"";""0,00"";""0,00"";"""";"""";"""";""0,00"";"""";""Própria"";"""";"""";"""";"""";""0,00"";"""";""0"";"""";"""";""28.999.00"";""0"";"""";""0"";"""";"""";"""";""NÃO"";""NOVO"";""NÃO"";"""";"""";"""";""Metros"";""0,00"";""0,0000"";""0,0000"";""0,0000"";"""";""""
""16303435776"";""VV034	"";""VASO ROSA ALTO"";""UN"";""0603.90.00"";""0"";""249,00"";""0,00"";"""";""Ativo"";""1,00"";""0,00"";""	"";"""";"""";""0,00"";""0,00"";""0,000"";""0,000"";""	"";""	"";""0,00"";""0,00"";""0,00"";"""";"""";"""";""0,00"";"""";""Própria"";"""";"""";"""";"""";""0,00"";"""";""0"";"""";"""";""28.999.00"";""0"";"""";""0"";"""";"""";"""";""NÃO"";""NOVO"";""NÃO"";"""";"""";"""";""Metros"";""0,00"";""0,0000"";""0,0000"";""0,0000"";"""";""""
""16303435513"";""VV033	"";""VASO VIDRO ROSA"";""UN"";""0603.90.00"";""0"";""259,00"";""0,00"";"""";""Ativo"";""1,00"";""0,00"";""	"";"""";"""";""0,00"";""0,00"";""0,000"";""0,000"";""	"";""	"";""0,00"";""0,00"";""0,00"";"""";"""";"""";""0,00"";"""";""Própria"";"""";"""";"""";"""";""0,00"";"""";""0"";"""";"""";""28.999.00"";""0"";"""";""0"";"""";"""";"""";""NÃO"";""NOVO"";""NÃO"";"""";"""";"""";""Metros"";""0,00"";""0,0000"";""0,0000"";""0,0000"";"""";""""
""16303435139"";""VV032	"";""VASO GOTA P"";""un"";""0603.90.00"";""0"";""79,00"";""0,00"";"""";""Ativo"";""5,00"";""0,00"";""	"";"""";"""";""0,00"";""0,00"";""0,000"";""0,000"";""	"";""	"";""0,00"";""0,00"";""0,00"";"""";"""";"""";""0,00"";"""";""Própria"";"""";"""";"""";"""";""0,00"";"""";""0"";"""";"""";""28.999.00"";""0"";"""";""0"";"""";"""";"""";""NÃO"";""NOVO"";""NÃO"";"""";"""";"""";""Metros"";""0,00"";""0,0000"";""0,0000"";""0,0000"";"""";""""
""16303434547"";""VV031	"";""VASO SEIXO"";""UN"";""0603.90.00"";""0"";""139,00"";""0,00"";"""";""Ativo"";""1,00"";""0,00"";""	"";"""";"""";""0,00"";""0,00"";""0,000"";""0,000"";""	"";""	"";""0,00"";""0,00"";""0,00"";"""";"""";"""";""0,00"";"""";""Própria"";"""";"""";"""";"""";""0,00"";"""";""0"";"""";"""";""28.999.00"";""0"";"""";""0"";"""";"""";"""";""NÃO"";""NOVO"";""NÃO"";"""";"""";"""";""Metros"";""0,00"";""0,0000"";""0,0000"";""0,0000"";"""";""""
""16303434078"";""CP001	"";""Coração P"";""UN"";""0603.90.00"";""0"";""49,00"";""0,00"";"""";""Ativo"";""2,00"";""0,00"";""	"";"""";"""";""0,00"";""0,00"";""0,000"";""0,000"";""	"";""	"";""0,00"";""0,00"";""0,00"";"""";"""";"""";""0,00"";"""";""Própria"";"""";"""";"""";"""";""0,00"";"""";""0"";"""";"""";""28.999.00"";""0"";"""";""0"";"""";"""";"""";""NÃO"";""NOVO"";""NÃO"";"""";"""";"""";""Metros"";""0,00"";""0,0000"";""0,0000"";""0,0000"";"""";""""
""16301737889"";""pp014	"";""POTINHO COM FLORES"";""UN"";""0603.90.00"";""0"";""39,00"";""0,00"";"""";""Ativo"";""9,00"";""0,00"";""	1"";""LUISA BRENNAND BARBOSA CHIAPERINI"";"""";""0,00"";""0,00"";""0,000"";""0,000"";""	"";""	"";""0,00"";""0,00"";""0,00"";"""";"""";"""";""0,00"";"""";""Terceiros"";"""";"""";"""";"""";""0,00"";"""";""0"";"""";"""";""28.999.00"";""0"";"""";""0"";"""";"""";""0"";""NÃO"";""NÃO ESPECIFICADO"";""NÃO"";"""";"""";"""";""Centímetro"";""0,00"";""0,0000"";""0,0000"";""0,0000"";"""";""""
""16301737887"";""VV030	"";""Vaso verde novo"";""UN"";""0603.90.00"";""0"";""189,00"";""0,00"";"""";""Ativo"";""0,00"";""0,00"";""	1"";""LUISA BRENNAND BARBOSA CHIAPERINI"";"""";""0,00"";""0,00"";""0,000"";""0,000"";""	"";""	"";""0,00"";""0,00"";""0,00"";"""";"""";"""";""0,00"";"""";""Terceiros"";"""";"""";"""";"""";""0,00"";"""";""0"";"""";"""";""28.999.00"";""0"";"""";""0"";"""";"""";""0"";""NÃO"";""NÃO ESPECIFICADO"";""NÃO"";"""";"""";"""";""Centímetro"";""0,00"";""0,0000"";""0,0000"";""0,0000"";"""";""""
""16301737886"";""VV026	"";""Vaso Verde"";""UN"";""0603.90.00"";""0"";""179,00"";""0,00"";"""";""Ativo"";""0,00"";""0,00"";""	1"";""LUISA BRENNAND BARBOSA CHIAPERINI"";"""";""0,00"";""0,00"";""0,000"";""0,000"";""	"";""	"";""0,00"";""0,00"";""0,00"";"""";"""";"""";""0,00"";"""";""Terceiros"";"""";"""";"""";"""";""0,00"";"""";""0"";"""";"""";""28.999.00"";""0"";"""";""0"";"""";"""";""0"";""NÃO"";""NÃO ESPECIFICADO"";""NÃO"";"""";"""";"""";""Centímetro"";""0,00"";""0,0000"";""0,0000"";""0,0000"";"""";""""
""16301737885"";""VS040	"";""VASO S"";""UN"";""0603.90.00"";""0"";""169,00"";""0,00"";"""";""Ativo"";""0,00"";""0,00"";""	1"";""LUISA BRENNAND BARBOSA CHIAPERINI"";"""";""0,00"";""0,00"";""0,000"";""0,000"";""	"";""	"";""0,00"";""0,00"";""0,00"";"""";"""";"""";""0,00"";"""";""Terceiros"";"""";"""";"""";"""";""0,00"";"""";""0"";"""";"""";""28.999.00"";""0"";"""";""0"";"""";"""";""0"";""NÃO"";""NÃO ESPECIFICADO"";""NÃO"";"""";"""";"""";""Centímetro"";""0,00"";""0,0000"";""0,0000"";""0,0000"";"""";""""
""16301737884"";""VQ007	"";""vasinho quadrado"";""UN"";""0603.90.00"";""0"";""129,00"";""0,00"";"""";""Ativo"";""0,00"";""0,00"";""	1"";""LUISA BRENNAND BARBOSA CHIAPERINI"";"""";""0,00"";""0,00"";""0,000"";""0,000"";""	"";""	"";""0,00"";""0,00"";""0,00"";"""";"""";"""";""0,00"";"""";""Terceiros"";"""";"""";"""";"""";""0,00"";"""";""0"";"""";"""";""28.999.00"";""0"";"""";""0"";"""";"""";""0"";""NÃO"";""NÃO ESPECIFICADO"";""NÃO"";"""";"""";"""";""Centímetro"";""0,00"";""0,0000"";""0,0000"";""0,0000"";"""";""""
""16301737883"";""VO031	"";""Vaso Orelha"";""UN"";""0603.90.00"";""0"";""179,00"";""0,00"";"""";""Ativo"";""0,00"";""0,00"";""	1"";""LUISA BRENNAND BARBOSA CHIAPERINI"";"""";""0,00"";""0,00"";""0,000"";""0,000"";""	"";""	"";""0,00"";""0,00"";""0,00"";"""";"""";"""";""0,00"";"""";""Terceiros"";"""";"""";"""";"""";""0,00"";"""";""0"";"""";"""";""28.999.00"";""0"";"""";""0"";"""";"""";""0"";""NÃO"";""NÃO ESPECIFICADO"";""NÃO"";"""";"""";"""";""Centímetro"";""0,00"";""0,0000"";""0,0000"";""0,0000"";"""";""""
""16301737882"";""VM015	"";""VASO MEDIO"";""UN"";""3307.49.00"";""0"";""179,00"";""0,00"";"""";""Ativo"";""0,00"";""0,00"";""	1"";""LUISA BRENNAND BARBOSA CHIAPERINI"";"""";""0,00"";""0,00"";""0,000"";""0,000"";""	"";""	"";""0,00"";""0,00"";""0,00"";"""";"""";"""";""0,00"";""Variação"";""Terceiros"";"""";"""";"""";"""";""0,00"";"""";""0"";"""";"""";"""";""0"";"""";""0"";"""";"""";""0"";""NÃO"";""NÃO ESPECIFICADO"";""NÃO"";"""";"""";"""";""Centímetro"";""0,00"";""0,0000"";""0,0000"";""0,0000"";"""";""""
""16301737881"";""VG0056	"";""VASO GOTA"";""UN"";""0603.90.00"";""0"";""199,00"";""0,00"";"""";""Ativo"";""0,00"";""0,00"";""	1"";""LUISA BRENNAND BARBOSA CHIAPERINI"";"""";""0,00"";""0,00"";""0,000"";""0,000"";""	"";""	"";""0,00"";""0,00"";""0,00"";"""";"""";"""";""0,00"";"""";""Terceiros"";"""";"""";"""";"""";""0,00"";"""";""0"";"""";"""";""28.999.00"";""0"";"""";""0"";"""";"""";""0"";""NÃO"";""NÃO ESPECIFICADO"";""NÃO"";"""";"""";"""";""Centímetro"";""0,00"";""0,0000"";""0,0000"";""0,0000"";"""";""""
""16301737880"";""2001/V	"";""VELA ROSA AMERICANA"";""UN"";""3406.00.00"";""0"";""14,00"";""0,00"";"""";""Ativo"";""84,00"";""0,00"";""	1"";""LUISA BRENNAND BARBOSA CHIAPERINI"";"""";""0,00"";""0,00"";""0,000"";""0,000"";""	"";""	"";""0,00"";""0,00"";""0,00"";"""";"""";"""";""0,00"";"""";""Terceiros"";"""";"""";"""";"""";""0,00"";"""";""0"";"""";"""";"""";""0"";"""";""0"";"""";"""";""0"";""NÃO"";""NÃO ESPECIFICADO"";""NÃO"";"""";"""";"""";""Centímetro"";""0,00"";""0,0000"";""0,0000"";""0,0000"";"""";""""
""16301737879"";""2002/V	"";""VELA CONCHA"";""UN"";""3406.00.00"";""0"";""22,00"";""0,00"";"""";""Ativo"";""0,00"";""0,00"";""	1"";""LUISA BRENNAND BARBOSA CHIAPERINI"";"""";""0,00"";""0,00"";""0,000"";""0,000"";""	"";""	"";""0,00"";""0,00"";""0,00"";"""";"""";"""";""0,00"";"""";""Terceiros"";"""";"""";"""";"""";""0,00"";"""";""0"";"""";"""";"""";""0"";"""";""0"";"""";"""";""0"";""NÃO"";""NÃO ESPECIFICADO"";""NÃO"";"""";"""";"""";""Centímetro"";""0,00"";""0,0000"";""0,0000"";""0,0000"";"""";""""
""16301737878"";""2003/V	"";""VELA CACTO P"";""UN"";""3406.00.00"";""0"";""20,00"";""0,00"";"""";""Ativo"";""0,00"";""0,00"";""	1"";""LUISA BRENNAND BARBOSA CHIAPERINI"";"""";""0,00"";""0,00"";""0,000"";""0,000"";""	"";""	"";""0,00"";""0,00"";""0,00"";"""";"""";"""";""0,00"";"""";""Terceiros"";"""";"""";"""";"""";""0,00"";"""";""0"";"""";"""";"""";""0"";"""";""0"";"""";"""";""0"";""NÃO"";""NÃO ESPECIFICADO"";""NÃO"";"""";"""";"""";""Centímetro"";""0,00"";""0,0000"";""0,0000"";""0,0000"";"""";""""
""16301737877"";""2004/V	"";""VELA VIDRO CORAÇÃO"";""UN"";""3406.00.00"";""0"";""41,00"";""0,00"";"""";""Ativo"";""0,00"";""0,00"";""	1"";""LUISA BRENNAND BARBOSA CHIAPERINI"";"""";""0,00"";""0,00"";""0,000"";""0,000"";""	"";""	"";""0,00"";""0,00"";""0,00"";"""";"""";"""";""0,00"";"""";""Terceiros"";"""";"""";"""";"""";""0,00"";"""";""0"";"""";"""";"""";""0"";"""";""0"";"""";"""";""0"";""NÃO"";""NÃO ESPECIFICADO"";""NÃO"";"""";"""";"""";""Centímetro"";""0,00"";""0,0000"";""0,0000"";""0,0000"";"""";""""
""16301737876"";""2005/V	"";""VELA COPO CRISTAL P"";""UN"";""3406.00.00"";""0"";""35,00"";""0,00"";"""";""Ativo"";""0,00"";""0,00"";""	1"";""LUISA BRENNAND BARBOSA CHIAPERINI"";"""";""0,00"";""0,00"";""0,000"";""0,000"";""	"";""	"";""0,00"";""0,00"";""0,00"";"""";"""";"""";""0,00"";"""";""Terceiros"";"""";"""";"""";"""";""0,00"";"""";""0"";"""";"""";"""";""0"";"""";""0"";"""";"""";""0"";""NÃO"";""NÃO ESPECIFICADO"";""NÃO"";"""";"""";"""";""Centímetro"";""0,00"";""0,0000"";""0,0000"";""0,0000"";"""";""""
""16301737875"";""2006/V	"";""VELA ILUMINARIA"";""UN"";""3406.00.00"";""0"";""35,00"";""0,00"";"""";""Ativo"";""0,00"";""0,00"";""	1"";""LUISA BRENNAND BARBOSA CHIAPERINI"";"""";""0,00"";""0,00"";""0,000"";""0,000"";""	"";""	"";""0,00"";""0,00"";""0,00"";"""";"""";"""";""0,00"";"""";""Terceiros"";"""";"""";"""";"""";""0,00"";"""";""0"";"""";"""";"""";""0"";"""";""0"";"""";"""";""0"";""NÃO"";""NÃO ESPECIFICADO"";""NÃO"";"""";"""";"""";""Centímetro"";""0,00"";""0,0000"";""0,0000"";""0,0000"";"""";""""
""16301737873"";""2007/V	"";""VELA CORAÇÃO CERÂMICA"";""UN"";""3406.00.00"";""0"";""50,00"";""0,00"";"""";""Ativo"";""0,00"";""0,00"";""	1"";""LUISA BRENNAND BARBOSA CHIAPERINI"";"""";""0,00"";""0,00"";""0,000"";""0,000"";""	"";""	"";""0,00"";""0,00"";""0,00"";"""";"""";"""";""0,00"";"""";""Terceiros"";"""";"""";"""";"""";""0,00"";"""";""0"";"""";"""";"""";""0"";"""";""0"";"""";"""";""0"";""NÃO"";""NÃO ESPECIFICADO"";""NÃO"";"""";"""";"""";""Centímetro"";""0,00"";""0,0000"";""0,0000"";""0,0000"";"""";""""
""16301737872"";""2008/V	"";""VELA COELHO"";""UN"";""3406.00.00"";""0"";""28,00"";""0,00"";"""";""Ativo"";""0,00"";""0,00"";""	1"";""LUISA BRENNAND BARBOSA CHIAPERINI"";"""";""0,00"";""0,00"";""0,000"";""0,000"";""	"";""	"";""0,00"";""0,00"";""0,00"";"""";"""";"""";""0,00"";"""";""Terceiros"";"""";"""";"""";"""";""0,00"";"""";""0"";"""";"""";"""";""0"";"""";""0"";"""";"""";""0"";""NÃO"";""NÃO ESPECIFICADO"";""NÃO"";"""";"""";"""";""Centímetro"";""0,00"";""0,0000"";""0,0000"";""0,0000"";"""";""""
""16301737871"";""2009/V	"";""VELA ORELHA PASCOA"";""UN"";""3406.00.00"";""0"";""18,00"";""0,00"";"""";""Ativo"";""0,00"";""0,00"";""	1"";""LUISA BRENNAND BARBOSA CHIAPERINI"";"""";""0,00"";""0,00"";""0,000"";""0,000"";""	"";""	"";""0,00"";""0,00"";""0,00"";"""";"""";"""";""0,00"";"""";""Terceiros"";"""";"""";"""";"""";""0,00"";"""";""0"";"""";"""";"""";""0"";"""";""0"";"""";"""";""0"";""NÃO"";""NÃO ESPECIFICADO"";""NÃO"";"""";"""";"""";""Centímetro"";""0,00"";""0,0000"";""0,0000"";""0,0000"";"""";""""
""16301737870"";""VE/14/CF	"";""COPO C/FLORES"";""UN"";""3406.00.00"";""0"";""90,00"";""0,00"";"""";""Ativo"";""0,00"";""0,00"";""	1"";""LUISA BRENNAND BARBOSA CHIAPERINI"";"""";""0,00"";""0,00"";""0,000"";""0,000"";""	"";""	"";""0,00"";""0,00"";""0,00"";"""";"""";"""";""0,00"";""Variação"";""Terceiros"";"""";"""";"""";"""";""0,00"";"""";""0"";"""";"""";"""";""0"";"""";""0"";"""";"""";""0"";""NÃO"";""NÃO ESPECIFICADO"";""NÃO"";"""";"""";"""";""Centímetro"";""0,00"";""0,0000"";""0,0000"";""0,0000"";"""";""""
""16301737869"";""VE/13/CS	"";""CALICE SEXTAVADO"";""UN"";""3406.00.00"";""0"";""32,00"";""0,00"";"""";""Ativo"";""0,00"";""0,00"";""	1"";""LUISA BRENNAND BARBOSA CHIAPERINI"";"""";""0,00"";""0,00"";""0,000"";""0,000"";""	"";""	"";""0,00"";""0,00"";""0,00"";"""";"""";"""";""0,00"";""Variação"";""Terceiros"";"""";"""";"""";"""";""0,00"";"""";""0"";"""";"""";"""";""0"";"""";""0"";"""";"""";""0"";""NÃO"";""NÃO ESPECIFICADO"";""NÃO"";"""";"""";"""";""Centímetro"";""0,00"";""0,0000"";""0,0000"";""0,0000"";"""";""""
""16301737868"";""VE/12/PC	"";""POTE CALICE"";""UN"";""3406.00.00"";""0"";""32,00"";""0,00"";"""";""Ativo"";""0,00"";""0,00"";""	1"";""LUISA BRENNAND BARBOSA CHIAPERINI"";"""";""0,00"";""0,00"";""0,000"";""0,000"";""	"";""	"";""0,00"";""0,00"";""0,00"";"""";"""";"""";""0,00"";""Variação"";""Terceiros"";"""";"""";"""";"""";""0,00"";"""";""0"";"""";"""";"""";""0"";"""";""0"";"""";"""";""0"";""NÃO"";""NÃO ESPECIFICADO"";""NÃO"";"""";"""";"""";""Centímetro"";""0,00"";""0,0000"";""0,0000"";""0,0000"";"""";""""
""16301737867"";""2010/V	"";""VELA BICO JACA"";""UN"";""3406.00.00"";""0"";""37,00"";""0,00"";"""";""Ativo"";""0,00"";""0,00"";""	1"";""LUISA BRENNAND BARBOSA CHIAPERINI"";"""";""0,00"";""0,00"";""0,000"";""0,000"";""	"";""	"";""0,00"";""0,00"";""0,00"";"""";"""";"""";""0,00"";"""";""Terceiros"";"""";"""";"""";"""";""0,00"";"""";""0"";"""";"""";"""";""0"";"""";""0"";"""";"""";""0"";""NÃO"";""NÃO ESPECIFICADO"";""NÃO"";"""";"""";"""";""Centímetro"";""0,00"";""0,0000"";""0,0000"";""0,0000"";"""";""""
""16301737866"";""2011/V	"";""VELA VIDRO FLORES SORTIDAS"";""UN"";""3406.00.00"";""0"";""98,00"";""0,00"";"""";""Ativo"";""0,00"";""0,00"";""	1"";""LUISA BRENNAND BARBOSA CHIAPERINI"";"""";""0,00"";""0,00"";""0,000"";""0,000"";""	"";""	"";""0,00"";""0,00"";""0,00"";"""";"""";"""";""0,00"";"""";""Terceiros"";"""";"""";"""";"""";""0,00"";"""";""0"";"""";"""";"""";""0"";"""";""0"";"""";"""";""0"";""NÃO"";""NÃO ESPECIFICADO"";""NÃO"";"""";"""";"""";""Centímetro"";""0,00"";""0,0000"";""0,0000"";""0,0000"";"""";""""
""16301737865"";""2012/V	"";""VELA TAÇA"";""UN"";""3406.00.00"";""0"";""79,00"";""0,00"";"""";""Ativo"";""0,00"";""0,00"";""	1"";""LUISA BRENNAND BARBOSA CHIAPERINI"";"""";""0,00"";""0,00"";""0,000"";""0,000"";""	"";""	"";""0,00"";""0,00"";""0,00"";"""";"""";"""";""0,00"";"""";""Terceiros"";"""";"""";"""";"""";""0,00"";"""";""0"";"""";"""";"""";""0"";"""";""0"";"""";"""";""0"";""NÃO"";""NÃO ESPECIFICADO"";""NÃO"";"""";"""";"""";""Centímetro"";""0,00"";""0,0000"";""0,0000"";""0,0000"";"""";""""
""16301737864"";""2013/V	"";""VELA BOLA DE NATAL"";""UN"";""3406.00.00"";""0"";""14,00"";""0,00"";"""";""Ativo"";""0,00"";""0,00"";""	1"";""LUISA BRENNAND BARBOSA CHIAPERINI"";"""";""0,00"";""0,00"";""0,000"";""0,000"";""	"";""	"";""0,00"";""0,00"";""0,00"";"""";"""";"""";""0,00"";"""";""Terceiros"";"""";"""";"""";"""";""0,00"";"""";""0"";"""";"""";"""";""0"";"""";""0"";"""";"""";""0"";""NÃO"";""NÃO ESPECIFICADO"";""NÃO"";"""";"""";"""";""Centímetro"";""0,00"";""0,0000"";""0,0000"";""0,0000"";"""";""""
""16301737861"";""2014/V	"";""VELA CARROSSEL"";""UN"";""3406.00.00"";""0"";""59,00"";""0,00"";"""";""Ativo"";""0,00"";""0,00"";""	1"";""LUISA BRENNAND BARBOSA CHIAPERINI"";"""";""0,00"";""0,00"";""0,000"";""0,000"";""	"";""	"";""0,00"";""0,00"";""0,00"";"""";"""";"""";""0,00"";"""";""Terceiros"";"""";"""";"""";"""";""0,00"";"""";""0"";"""";"""";"""";""0"";"""";""0"";"""";"""";""0"";""NÃO"";""NÃO ESPECIFICADO"";""NÃO"";"""";"""";"""";""Centímetro"";""0,00"";""0,0000"";""0,0000"";""0,0000"";"""";""""
""16301737860"";""2015/V	"";""VELA COPO CRISTAL"";""UN"";""3406.00.00"";""0"";""79,00"";""0,00"";"""";""Ativo"";""0,00"";""0,00"";""	1"";""LUISA BRENNAND BARBOSA CHIAPERINI"";"""";""0,00"";""0,00"";""0,000"";""0,000"";""	"";""	"";""0,00"";""0,00"";""0,00"";"""";"""";"""";""0,00"";"""";""Terceiros"";"""";"""";"""";"""";""0,00"";"""";""0"";"""";"""";"""";""0"";"""";""0"";"""";"""";""0"";""NÃO"";""NÃO ESPECIFICADO"";""NÃO"";"""";"""";"""";""Centímetro"";""0,00"";""0,0000"";""0,0000"";""0,0000"";"""";""""
""16301737859"";""2016/V	"";""VELA CACTO G"";""UN"";""3406.00.00"";""0"";""45,00"";""0,00"";"""";""Ativo"";""2,00"";""0,00"";""	1"";""LUISA BRENNAND BARBOSA CHIAPERINI"";"""";""0,00"";""0,00"";""0,000"";""0,000"";""	"";""	"";""0,00"";""0,00"";""0,00"";"""";"""";"""";""0,00"";"""";""Terceiros"";"""";"""";"""";"""";""0,00"";"""";""0"";"""";"""";"""";""0"";"""";""0"";"""";"""";""0"";""NÃO"";""NÃO ESPECIFICADO"";""NÃO"";"""";"""";"""";""Centímetro"";""0,00"";""0,0000"";""0,0000"";""0,0000"";"""";""""
""16301737858"";""2017/V	"";""VELA CARAMUJO"";""UN"";""3406.00.00"";""0"";""14,00"";""0,00"";"""";""Ativo"";""0,00"";""0,00"";""	1"";""LUISA BRENNAND BARBOSA CHIAPERINI"";"""";""0,00"";""0,00"";""0,000"";""0,000"";""	"";""	"";""0,00"";""0,00"";""0,00"";"""";"""";"""";""0,00"";"""";""Terceiros"";"""";"""";"""";"""";""0,00"";"""";""0"";"""";"""";"""";""0"";"""";""0"";"""";"""";""0"";""NÃO"";""NÃO ESPECIFICADO"";""NÃO"";"""";"""";"""";""Centímetro"";""0,00"";""0,0000"";""0,0000"";""0,0000"";"""";""""
""16301737857"";""2018/V	"";""VELA ESTRELA DO MAR"";""UN"";""3406.00.00"";""0"";""11,00"";""0,00"";"""";""Ativo"";""0,00"";""0,00"";""	1"";""LUISA BRENNAND BARBOSA CHIAPERINI"";"""";""0,00"";""0,00"";""0,000"";""0,000"";""	"";""	"";""0,00"";""0,00"";""0,00"";"""";"""";"""";""0,00"";"""";""Terceiros"";"""";"""";"""";"""";""0,00"";"""";""0"";"""";"""";"""";""0"";"""";""0"";"""";"""";""0"";""NÃO"";""NÃO ESPECIFICADO"";""NÃO"";"""";"""";"""";""Centímetro"";""0,00"";""0,0000"";""0,0000"";""0,0000"";"""";""""
""16301737856"";""VE/05/	"";""POTE TULIPA"";""UN"";""3406.00.00"";""0"";""51,00"";""0,00"";"""";""Ativo"";""0,00"";""0,00"";""	1"";""LUISA BRENNAND BARBOSA CHIAPERINI"";"""";""0,00"";""0,00"";""0,000"";""0,000"";""	"";""	"";""0,00"";""0,00"";""0,00"";"""";"""";"""";""0,00"";""Variação"";""Terceiros"";"""";"""";"""";"""";""0,00"";"""";""0"";"""";"""";"""";""0"";"""";""0"";"""";"""";""0"";""NÃO"";""NÃO ESPECIFICADO"";""NÃO"";"""";"""";"""";""Centímetro"";""0,00"";""0,0000"";""0,0000"";""0,0000"";"""";""""
""16301737855"";""2019/V	"";""VELA OVO DE PASCOA"";""UN"";""3406.00.00"";""0"";""18,00"";""0,00"";"""";""Ativo"";""0,00"";""0,00"";""	1"";""LUISA BRENNAND BARBOSA CHIAPERINI"";"""";""0,00"";""0,00"";""0,000"";""0,000"";""	"";""	"";""0,00"";""0,00"";""0,00"";"""";"""";"""";""0,00"";"""";""Terceiros"";"""";"""";"""";"""";""0,00"";"""";""0"";"""";"""";"""";""0"";"""";""0"";"""";"""";""0"";""NÃO"";""NÃO ESPECIFICADO"";""NÃO"";"""";"""";"""";""Centímetro"";""0,00"";""0,0000"";""0,0000"";""0,0000"";"""";""""
""16301737854"";""2020/V	"";""VELA OVO DE PÁSCOA NA CAIXA"";""UN"";""3406.00.00"";""0"";""28,00"";""0,00"";"""";""Ativo"";""0,00"";""0,00"";""	1"";""LUISA BRENNAND BARBOSA CHIAPERINI"";"""";""0,00"";""0,00"";""0,000"";""0,000"";""	"";""	"";""0,00"";""0,00"";""0,00"";"""";"""";"""";""0,00"";"""";""Terceiros"";"""";"""";"""";"""";""0,00"";"""";""0"";"""";"""";"""";""0"";"""";""0"";"""";"""";""0"";""NÃO"";""NÃO ESPECIFICADO"";""NÃO"";"""";"""";"""";""Centímetro"";""0,00"";""0,0000"";""0,0000"";""0,0000"";"""";""""
""16301737853"";""2021/V	"";""VELA ROSA CRESPA"";""UN"";""3406.00.00"";""0"";""13,00"";""0,00"";"""";""Ativo"";""7,00"";""0,00"";""	1"";""LUISA BRENNAND BARBOSA CHIAPERINI"";"""";""0,00"";""0,00"";""0,000"";""0,000"";""	"";""	"";""0,00"";""0,00"";""0,00"";"""";"""";"""";""0,00"";"""";""Terceiros"";"""";"""";"""";"""";""0,00"";"""";""0"";"""";"""";"""";""0"";"""";""0"";"""";"""";""0"";""NÃO"";""NÃO ESPECIFICADO"";""NÃO"";"""";"""";"""";""Centímetro"";""0,00"";""0,0000"";""0,0000"";""0,0000"";"""";""""
""16301737852"";""2022/V	"";""VELA ORQUIDEA"";""UN"";""3406.00.00"";""0"";""12,00"";""0,00"";"""";""Ativo"";""29,00"";""0,00"";""	1"";""LUISA BRENNAND BARBOSA CHIAPERINI"";"""";""0,00"";""0,00"";""0,000"";""0,000"";""	"";""	"";""0,00"";""0,00"";""0,00"";"""";"""";"""";""0,00"";"""";""Terceiros"";"""";"""";"""";"""";""0,00"";"""";""0"";"""";"""";"""";""0"";"""";""0"";"""";"""";""0"";""NÃO"";""NÃO ESPECIFICADO"";""NÃO"";"""";"""";"""";""Centímetro"";""0,00"";""0,0000"";""0,0000"";""0,0000"";"""";""""
""16301737851"";""2023/V	"";""VELA MINI ROSA"";""UN"";""3406.00.00"";""0"";""10,00"";""0,00"";"""";""Ativo"";""21,00"";""0,00"";""	1"";""LUISA BRENNAND BARBOSA CHIAPERINI"";"""";""0,00"";""0,00"";""0,000"";""0,000"";""	"";""	"";""0,00"";""0,00"";""0,00"";"""";"""";"""";""0,00"";"""";""Terceiros"";"""";"""";"""";"""";""0,00"";"""";""0"";"""";"""";"""";""0"";"""";""0"";"""";"""";""0"";""NÃO"";""NÃO ESPECIFICADO"";""NÃO"";"""";"""";"""";""Centímetro"";""0,00"";""0,0000"";""0,0000"";""0,0000"";"""";""""
""16301737850"";""2024/V	"";""VELA VIDRO 100G"";""UN"";""3406.00.00"";""0"";""59,00"";""0,00"";"""";""Ativo"";""21,00"";""0,00"";""	1"";""LUISA BRENNAND BARBOSA CHIAPERINI"";"""";""0,00"";""0,00"";""0,000"";""0,000"";""	"";""	"";""0,00"";""0,00"";""0,00"";"""";"""";"""";""0,00"";"""";""Terceiros"";"""";"""";"""";"""";""0,00"";"""";""0"";"""";"""";"""";""0"";"""";""0"";"""";"""";""0"";""NÃO"";""NÃO ESPECIFICADO"";""NÃO"";"""";"""";"""";""Centímetro"";""0,00"";""0,0000"";""0,0000"";""0,0000"";"""";""""
""16301737849"";""VCM	"";""VASO Concha M"";""UN"";""0603.90.00"";""0"";""159,00"";""0,00"";"""";""Ativo"";""1,00"";""0,00"";""	1"";""LUISA BRENNAND BARBOSA CHIAPERINI"";"""";""0,00"";""0,00"";""0,000"";""0,000"";""	"";""	"";""0,00"";""0,00"";""0,00"";"""";"""";"""";""0,00"";"""";""Terceiros"";"""";"""";"""";"""";""0,00"";"""";""0"";"""";"""";""28.999.00"";""0"";"""";""0"";"""";"""";""0"";""NÃO"";""NÃO ESPECIFICADO"";""NÃO"";"""";"""";"""";""Centímetro"";""0,00"";""0,0000"";""0,0000"";""0,0000"";"""";""""
""16301737848"";""VC	"";""VASO CABAÇA"";""UN"";""0603.90.00"";""0"";""149,00"";""0,00"";"""";""Ativo"";""0,00"";""0,00"";""	1"";""LUISA BRENNAND BARBOSA CHIAPERINI"";"""";""0,00"";""0,00"";""0,000"";""0,000"";""	"";""	"";""0,00"";""0,00"";""0,00"";"""";"""";"""";""0,00"";"""";""Terceiros"";"""";"""";"""";"""";""0,00"";"""";""0"";"""";"""";""28.999.00"";""0"";"""";""0"";"""";"""";""0"";""NÃO"";""NÃO ESPECIFICADO"";""NÃO"";"""";"""";"""";""Centímetro"";""0,00"";""0,0000"";""0,0000"";""0,0000"";"""";""""
""16301737847"";""VB0038	"";""VASO BRANCO"";""UN"";""0603.90.00"";""0"";""179,00"";""0,00"";"""";""Ativo"";""0,00"";""0,00"";""	1"";""LUISA BRENNAND BARBOSA CHIAPERINI"";"""";""0,00"";""0,00"";""0,000"";""0,000"";""	"";""	"";""0,00"";""0,00"";""0,00"";"""";"""";"""";""0,00"";"""";""Terceiros"";"""";"""";"""";"""";""0,00"";"""";""0"";"""";"""";""28.999.00"";""0"";"""";""0"";"""";"""";""0"";""NÃO"";""NÃO ESPECIFICADO"";""NÃO"";"""";"""";"""";""Centímetro"";""0,00"";""0,0000"";""0,0000"";""0,0000"";"""";""""
""16301737846"";""VAP	"";""VASO P"";""UN"";""0603.90.00"";""0"";""129,00"";""0,00"";"""";""Ativo"";""1,00"";""0,00"";""	1"";""LUISA BRENNAND BARBOSA CHIAPERINI"";"""";""0,00"";""0,00"";""0,000"";""0,000"";""	"";""	"";""0,00"";""0,00"";""0,00"";"""";"""";"""";""0,00"";"""";""Terceiros"";"""";"""";"""";"""";""0,00"";"""";""0"";"""";"""";""28.999.00"";""0"";"""";""0"";"""";"""";""0"";""NÃO"";""NÃO ESPECIFICADO"";""NÃO"";"""";"""";"""";""Centímetro"";""0,00"";""0,0000"";""0,0000"";""0,0000"";"""";""""
""16301737845"";""VAM041	"";""VASO M"";""UN"";""0603.90.00"";""0"";""179,00"";""0,00"";"""";""Ativo"";""1,00"";""0,00"";""	1"";""LUISA BRENNAND BARBOSA CHIAPERINI"";"""";""0,00"";""0,00"";""0,000"";""0,000"";""	"";""	"";""0,00"";""0,00"";""0,00"";"""";"""";"""";""0,00"";"""";""Terceiros"";"""";"""";"""";"""";""0,00"";"""";""0"";"""";"""";""28.999.00"";""0"";"""";""0"";"""";"""";""0"";""NÃO"";""NÃO ESPECIFICADO"";""NÃO"";"""";"""";"""";""Centímetro"";""0,00"";""0,0000"";""0,0000"";""0,0000"";"""";""""
""16301737842"";""VA	"";""VASO AZUL"";""UN"";""0603.90.00"";""0"";""179,00"";""0,00"";"""";""Ativo"";""0,00"";""0,00"";""	1"";""LUISA BRENNAND BARBOSA CHIAPERINI"";"""";""0,00"";""0,00"";""0,000"";""0,000"";""	"";""	"";""0,00"";""0,00"";""0,00"";"""";"""";"""";""0,00"";"""";""Terceiros"";"""";"""";"""";"""";""0,00"";"""";""0"";"""";"""";""28.999.00"";""0"";"""";""0"";"""";"""";""0"";""NÃO"";""NÃO ESPECIFICADO"";""NÃO"";"""";"""";"""";""Centímetro"";""0,00"";""0,0000"";""0,0000"";""0,0000"";"""";""""
""16301737841"";""T002	"";""TOALHA NATAL"";""UN"";""3307.49.00"";""0"";""34,00"";""0,00"";"""";""Ativo"";""0,00"";""0,00"";""	1"";""LUISA BRENNAND BARBOSA CHIAPERINI"";"""";""0,00"";""0,00"";""0,000"";""0,000"";""	"";""	"";""0,00"";""0,00"";""0,00"";"""";"""";"""";""0,00"";""Variação"";""Terceiros"";"""";"""";"""";"""";""0,00"";"""";""0"";"""";"""";"""";""0"";"""";""0"";"""";"""";""0"";""NÃO"";""NÃO ESPECIFICADO"";""NÃO"";"""";"""";"""";""Centímetro"";""0,00"";""0,0000"";""0,0000"";""0,0000"";"""";""""
""16301737838"";""0013/S	"";""SABONETE CACAU COLORIDO NOVO"";""UN"";""3307.49.00"";""0"";""80,00"";""0,00"";"""";""Ativo"";""3,00"";""0,00"";""	1"";""LUISA BRENNAND BARBOSA CHIAPERINI"";"""";""0,00"";""0,00"";""0,000"";""0,000"";""	"";""	"";""0,00"";""0,00"";""0,00"";"""";"""";"""";""0,00"";"""";""Terceiros"";"""";"""";"""";"""";""0,00"";"""";""0"";"""";"""";"""";""0"";"""";""0"";"""";"""";""0"";""NÃO"";""NÃO ESPECIFICADO"";""NÃO"";"""";"""";"""";""Centímetro"";""0,00"";""0,0000"";""0,0000"";""0,0000"";"""";""""
""16301737837"";""0013/D	"";""DIFUSOR CACAU COLORIDO NOVO"";""UN"";""3307.49.00"";""0"";""99,00"";""0,00"";"""";""Ativo"";""3,00"";""0,00"";""	1"";""LUISA BRENNAND BARBOSA CHIAPERINI"";"""";""0,00"";""0,00"";""0,000"";""0,000"";""	"";""	"";""0,00"";""0,00"";""0,00"";"""";"""";"""";""0,00"";"""";""Terceiros"";"""";"""";"""";"""";""0,00"";"""";""0"";"""";"""";"""";""0"";"""";""0"";"""";"""";""0"";""NÃO"";""NÃO ESPECIFICADO"";""NÃO"";"""";"""";"""";""Centímetro"";""0,00"";""0,0000"";""0,0000"";""0,0000"";"""";""""
""16301737835"";""0055/S	"";""SABONETE VALENCIA COLORIDO NOVO"";""UN"";""3307.49.00"";""0"";""71,00"";""0,00"";"""";""Ativo"";""5,00"";""0,00"";""	1"";""LUISA BRENNAND BARBOSA CHIAPERINI"";"""";""0,00"";""0,00"";""0,000"";""0,000"";""	"";""	"";""0,00"";""0,00"";""0,00"";"""";"""";"""";""0,00"";"""";""Terceiros"";"""";"""";"""";"""";""0,00"";"""";""0"";"""";"""";"""";""0"";"""";""0"";"""";"""";""0"";""NÃO"";""NÃO ESPECIFICADO"";""NÃO"";"""";"""";"""";""Centímetro"";""0,00"";""0,0000"";""0,0000"";""0,0000"";"""";""""
""16301737834"";""PV/001	"";""Porta Velas"";""UN"";""3406.00.00"";""0"";""25,00"";""0,00"";"""";""Ativo"";""0,00"";""0,00"";""	1"";""LUISA BRENNAND BARBOSA CHIAPERINI"";"""";""0,00"";""0,00"";""0,000"";""0,000"";""	"";""	"";""0,00"";""0,00"";""0,00"";"""";"""";"""";""0,00"";""Variação"";""Terceiros"";"""";"""";"""";"""";""0,00"";"""";""0"";"""";"""";"""";""0"";"""";""0"";"""";"""";""0"";""NÃO"";""NÃO ESPECIFICADO"";""NÃO"";"""";"""";"""";""Centímetro"";""0,00"";""0,0000"";""0,0000"";""0,0000"";"""";""""
""16301737833"";""PR079	"";""Porta Retrato"";""UN"";""3406.00.00"";""0"";""89,00"";""0,00"";"""";""Ativo"";""5,00"";""0,00"";""	1"";""LUISA BRENNAND BARBOSA CHIAPERINI"";"""";""0,00"";""0,00"";""0,000"";""0,000"";""	"";""	"";""0,00"";""0,00"";""0,00"";"""";"""";"""";""0,00"";"""";""Terceiros"";"""";"""";"""";"""";""0,00"";"""";""0"";"""";"""";"""";""0"";"""";""0"";"""";"""";""0"";""NÃO"";""NÃO ESPECIFICADO"";""NÃO"";"""";"""";"""";""Centímetro"";""0,00"";""0,0000"";""0,0000"";""0,0000"";"""";""""
""16301737831"";""PM029	"";""Placa Mae"";""UN"";""0603.90.00"";""0"";""89,00"";""0,00"";"""";""Ativo"";""31,00"";""0,00"";""	1"";""LUISA BRENNAND BARBOSA CHIAPERINI"";"""";""0,00"";""0,00"";""0,000"";""0,000"";""	"";""	"";""0,00"";""0,00"";""0,00"";"""";"""";"""";""0,00"";"""";""Terceiros"";"""";"""";"""";"""";""0,00"";"""";""0"";"""";"""";""28.999.00"";""0"";"""";""0"";"""";"""";""0"";""NÃO"";""NÃO ESPECIFICADO"";""NÃO"";"""";"""";"""";""Centímetro"";""0,00"";""0,0000"";""0,0000"";""0,0000"";"""";""""
""16301737830"";""PG002	"";""PLAQUINHA AMIZADE"";""UN"";""0603.90.00"";""0"";""89,00"";""0,00"";"""";""Ativo"";""0,00"";""0,00"";""	1"";""LUISA BRENNAND BARBOSA CHIAPERINI"";"""";""0,00"";""0,00"";""0,000"";""0,000"";""	"";""	"";""0,00"";""0,00"";""0,00"";"""";"""";"""";""0,00"";"""";""Terceiros"";"""";"""";"""";"""";""0,00"";"""";""0"";"""";"""";""28.999.00"";""0"";"""";""0"";"""";"""";""0"";""NÃO"";""NÃO ESPECIFICADO"";""NÃO"";"""";"""";"""";""Centímetro"";""0,00"";""0,0000"";""0,0000"";""0,0000"";"""";""""
""16301737829"";""PG001	"";""PLAQUINHA GRATIDÃO"";""UN"";""0603.90.00"";""0"";""89,00"";""0,00"";"""";""Ativo"";""0,00"";""0,00"";""	1"";""LUISA BRENNAND BARBOSA CHIAPERINI"";"""";""0,00"";""0,00"";""0,000"";""0,000"";""	"";""	"";""0,00"";""0,00"";""0,00"";"""";"""";"""";""0,00"";"""";""Terceiros"";"""";"""";"""";"""";""0,00"";"""";""0"";"""";"""";""28.999.00"";""0"";"""";""0"";"""";"""";""0"";""NÃO"";""NÃO ESPECIFICADO"";""NÃO"";"""";"""";"""";""Centímetro"";""0,00"";""0,0000"";""0,0000"";""0,0000"";"""";""""
""16301737828"";""HF009	"";""Home closet"";""UN"";"""";""0"";""99,00"";""0,00"";"""";""Ativo"";""0,00"";""0,00"";""	1"";""LUISA BRENNAND BARBOSA CHIAPERINI"";"""";""0,00"";""0,00"";""0,000"";""0,000"";""	"";""	"";""0,00"";""0,00"";""0,00"";"""";"""";"""";""0,00"";""Variação"";""Terceiros"";"""";"""";"""";"""";""0,00"";"""";""0"";"""";"""";"""";""0"";"""";""0"";"""";"""";""0"";""NÃO"";""NÃO ESPECIFICADO"";""NÃO"";"""";"""";"""";""Centímetro"";""0,00"";""0,0000"";""0,0000"";""0,0000"";"""";""""
""16301737826"";""GU033	"";""GARRAFA UVA FLORES"";""UN"";""0603.90.00"";""0"";""169,00"";""0,00"";"""";""Ativo"";""0,00"";""0,00"";""	1"";""LUISA BRENNAND BARBOSA CHIAPERINI"";"""";""0,00"";""0,00"";""0,000"";""0,000"";""	"";""	"";""0,00"";""0,00"";""0,00"";"""";"""";"""";""0,00"";"""";""Terceiros"";"""";"""";"""";"""";""0,00"";"""";""0"";"""";"""";""28.999.00"";""0"";"""";""0"";"""";"""";""0"";""NÃO"";""NÃO ESPECIFICADO"";""NÃO"";"""";"""";"""";""Centímetro"";""0,00"";""0,0000"";""0,0000"";""0,0000"";"""";""""
""16301737825"";""GT0039	"";""GARRAFA TAÇA"";""UN"";""0603.90.00"";""0"";""89,00"";""0,00"";"""";""Ativo"";""0,00"";""0,00"";""	1"";""LUISA BRENNAND BARBOSA CHIAPERINI"";"""";""0,00"";""0,00"";""0,000"";""0,000"";""	"";""	"";""0,00"";""0,00"";""0,00"";"""";"""";"""";""0,00"";"""";""Terceiros"";"""";"""";"""";"""";""0,00"";"""";""0"";"""";"""";""28.999.00"";""0"";"""";""0"";"""";"""";""0"";""NÃO"";""NÃO ESPECIFICADO"";""NÃO"";"""";"""";"""";""Centímetro"";""0,00"";""0,0000"";""0,0000"";""0,0000"";"""";""""
""16301737824"";""GT003	"";""FLORES GARRAFINHA TRANSP."";""UN"";""0603.90.00"";""0"";""69,00"";""0,00"";"""";""Ativo"";""0,00"";""0,00"";""	1"";""LUISA BRENNAND BARBOSA CHIAPERINI"";"""";""0,00"";""0,00"";""0,000"";""0,000"";""	"";""	"";""0,00"";""0,00"";""0,00"";"""";"""";"""";""0,00"";"""";""Terceiros"";"""";"""";"""";"""";""0,00"";"""";""0"";"""";"""";""28.999.00"";""0"";"""";""0"";"""";"""";""0"";""NÃO"";""NÃO ESPECIFICADO"";""NÃO"";"""";"""";"""";""Centímetro"";""0,00"";""0,0000"";""0,0000"";""0,0000"";"""";""""
""16301737823"";""GS010	"";""GARRAFINHA SAUDE"";""UN"";""0603.90.00"";""0"";""79,00"";""0,00"";"""";""Ativo"";""0,00"";""0,00"";""	1"";""LUISA BRENNAND BARBOSA CHIAPERINI"";"""";""0,00"";""0,00"";""0,000"";""0,000"";""	"";""	"";""0,00"";""0,00"";""0,00"";"""";"""";"""";""0,00"";"""";""Terceiros"";"""";"""";"""";"""";""0,00"";"""";""0"";"""";"""";""28.999.00"";""0"";"""";""0"";"""";"""";""0"";""NÃO"";""NÃO ESPECIFICADO"";""NÃO"";"""";"""";"""";""Centímetro"";""0,00"";""0,0000"";""0,0000"";""0,0000"";"""";""""
""16301737822"";""GR011	"";""GARRAFINHA ROSA"";""UN"";""0603.90.00"";""0"";""89,00"";""0,00"";"""";""Ativo"";""0,00"";""0,00"";""	1"";""LUISA BRENNAND BARBOSA CHIAPERINI"";"""";""0,00"";""0,00"";""0,000"";""0,000"";""	"";""	"";""0,00"";""0,00"";""0,00"";"""";"""";"""";""0,00"";"""";""Terceiros"";"""";"""";"""";"""";""0,00"";"""";""0"";"""";"""";""28.999.00"";""0"";"""";""0"";"""";"""";""0"";""NÃO"";""NÃO ESPECIFICADO"";""NÃO"";"""";"""";"""";""Centímetro"";""0,00"";""0,0000"";""0,0000"";""0,0000"";"""";""""
""16301737821"";""GR004	"";""GARRAFA FÉ"";""UN"";""3307.49.00"";""0"";""79,00"";""0,00"";"""";""Ativo"";""0,00"";""0,00"";""	1"";""LUISA BRENNAND BARBOSA CHIAPERINI"";"""";""0,00"";""0,00"";""0,000"";""0,000"";""	"";""	"";""0,00"";""0,00"";""0,00"";"""";"""";"""";""0,00"";"""";""Terceiros"";"""";"""";"""";"""";""0,00"";"""";""0"";"""";"""";"""";""0"";"""";""0"";"""";"""";""0"";""NÃO"";""NÃO ESPECIFICADO"";""NÃO"";"""";"""";"""";""Centímetro"";""0,00"";""0,0000"";""0,0000"";""0,0000"";"""";""""
""16301737820"";""GR0036	"";""GARRAFA ROSE"";""UN"";""0603.90.00"";""0"";""189,00"";""0,00"";"""";""Ativo"";""0,00"";""0,00"";""	1"";""LUISA BRENNAND BARBOSA CHIAPERINI"";"""";""0,00"";""0,00"";""0,000"";""0,000"";""	"";""	"";""0,00"";""0,00"";""0,00"";"""";"""";"""";""0,00"";"""";""Terceiros"";"""";"""";"""";"""";""0,00"";"""";""0"";"""";"""";""28.999.00"";""0"";"""";""0"";"""";"""";""0"";""NÃO"";""NÃO ESPECIFICADO"";""NÃO"";"""";"""";"""";""Centímetro"";""0,00"";""0,0000"";""0,0000"";""0,0000"";"""";""""
""16301737805"";""GR003	"";""GARRAFA SAÚDE"";""UN"";""3307.49.00"";""0"";""79,00"";""0,00"";"""";""Ativo"";""0,00"";""0,00"";""	1"";""LUISA BRENNAND BARBOSA CHIAPERINI"";"""";""0,00"";""0,00"";""0,000"";""0,000"";""	"";""	"";""0,00"";""0,00"";""0,00"";"""";"""";"""";""0,00"";"""";""Terceiros"";"""";"""";"""";"""";""0,00"";"""";""0"";"""";"""";"""";""0"";"""";""0"";"""";"""";""0"";""NÃO"";""NÃO ESPECIFICADO"";""NÃO"";"""";"""";"""";""Centímetro"";""0,00"";""0,0000"";""0,0000"";""0,0000"";"""";""""
""16301737804"";""GR002	"";""GARRAFA GRATIDAO"";""UN"";""3307.49.00"";""0"";""79,00"";""0,00"";"""";""Ativo"";""0,00"";""0,00"";""	1"";""LUISA BRENNAND BARBOSA CHIAPERINI"";"""";""0,00"";""0,00"";""0,000"";""0,000"";""	"";""	"";""0,00"";""0,00"";""0,00"";"""";"""";"""";""0,00"";"""";""Terceiros"";"""";"""";"""";"""";""0,00"";"""";""0"";"""";"""";"""";""0"";"""";""0"";"""";"""";""0"";""NÃO"";""NÃO ESPECIFICADO"";""NÃO"";"""";"""";"""";""Centímetro"";""0,00"";""0,0000"";""0,0000"";""0,0000"";"""";""""
""16301737803"";""GR001	"";""GARRAFA SORTE"";""UN"";""0603.90.00"";""0"";""79,00"";""0,00"";"""";""Ativo"";""0,00"";""0,00"";""	1"";""LUISA BRENNAND BARBOSA CHIAPERINI"";"""";""0,00"";""0,00"";""0,000"";""0,000"";""	"";""	"";""0,00"";""0,00"";""0,00"";"""";"""";"""";""0,00"";"""";""Terceiros"";"""";"""";"""";"""";""0,00"";"""";""0"";"""";"""";""28.999.00"";""0"";"""";""0"";"""";"""";""0"";""NÃO"";""NÃO ESPECIFICADO"";""NÃO"";"""";"""";"""";""Centímetro"";""0,00"";""0,0000"";""0,0000"";""0,0000"";"""";""""
""16301737802"";""GQ022	"";""Garrafinha quadrada com flores"";""UN"";""3307.49.00"";""0"";""79,00"";""0,00"";"""";""Ativo"";""0,00"";""0,00"";""	1"";""LUISA BRENNAND BARBOSA CHIAPERINI"";"""";""0,00"";""0,00"";""0,000"";""0,000"";""	"";""	"";""0,00"";""0,00"";""0,00"";"""";"""";"""";""0,00"";"""";""Terceiros"";"""";"""";"""";"""";""0,00"";"""";""0"";"""";"""";"""";""0"";"""";""0"";"""";"""";""0"";""NÃO"";""NÃO ESPECIFICADO"";""NÃO"";"""";"""";"""";""Centímetro"";""0,00"";""0,0000"";""0,0000"";""0,0000"";"""";""""
""16301737801"";""GPT0054	"";""Arranjo Garrafa"";""UN"";""0603.90.00"";""0"";""79,00"";""0,00"";"""";""Ativo"";""0,00"";""0,00"";""	1"";""LUISA BRENNAND BARBOSA CHIAPERINI"";"""";""0,00"";""0,00"";""0,000"";""0,000"";""	"";""	"";""0,00"";""0,00"";""0,00"";"""";"""";"""";""0,00"";"""";""Terceiros"";"""";"""";"""";"""";""0,00"";"""";""0"";"""";"""";""28.999.00"";""0"";"""";""0"";"""";"""";""0"";""NÃO"";""NÃO ESPECIFICADO"";""NÃO"";"""";"""";"""";""Centímetro"";""0,00"";""0,0000"";""0,0000"";""0,0000"";"""";""""
""16301737800"";""GP021	"";""Garrafinha verde ou fume com flores"";""UN"";""3307.49.00"";""0"";""79,00"";""0,00"";"""";""Ativo"";""0,00"";""0,00"";""	1"";""LUISA BRENNAND BARBOSA CHIAPERINI"";"""";""0,00"";""0,00"";""0,000"";""0,000"";""	"";""	"";""0,00"";""0,00"";""0,00"";"""";"""";"""";""0,00"";""Variação"";""Terceiros"";"""";"""";"""";"""";""0,00"";"""";""0"";"""";"""";"""";""0"";"""";""0"";"""";"""";""0"";""NÃO"";""NÃO ESPECIFICADO"";""NÃO"";"""";"""";"""";""Centímetro"";""0,00"";""0,0000"";""0,0000"";""0,0000"";"""";""""
""16301737799"";""GM013	"";""GARRAFA MEDIA"";""UN"";""0603.90.00"";""0"";""139,00"";""0,00"";"""";""Ativo"";""0,00"";""0,00"";""	1"";""LUISA BRENNAND BARBOSA CHIAPERINI"";"""";""0,00"";""0,00"";""0,000"";""0,000"";""	"";""	"";""0,00"";""0,00"";""0,00"";"""";"""";"""";""0,00"";"""";""Terceiros"";"""";"""";"""";"""";""0,00"";"""";""0"";"""";"""";""28.999.00"";""0"";"""";""0"";"""";"""";""0"";""NÃO"";""NÃO ESPECIFICADO"";""NÃO"";"""";"""";"""";""Centímetro"";""0,00"";""0,0000"";""0,0000"";""0,0000"";"""";""""
""16301737798"";""GG012	"";""GARRAFA GRANDE"";""UN"";""0603.90.00"";""0"";""159,00"";""0,00"";"""";""Ativo"";""0,00"";""0,00"";""	1"";""LUISA BRENNAND BARBOSA CHIAPERINI"";"""";""0,00"";""0,00"";""0,000"";""0,000"";""	"";""	"";""0,00"";""0,00"";""0,00"";"""";"""";"""";""0,00"";"""";""Terceiros"";"""";"""";"""";"""";""0,00"";"""";""0"";"""";"""";""28.999.00"";""0"";"""";""0"";"""";"""";""0"";""NÃO"";""NÃO ESPECIFICADO"";""NÃO"";"""";"""";"""";""Centímetro"";""0,00"";""0,0000"";""0,0000"";""0,0000"";"""";""""
""16301737797"";""GB020	"";""GARRAFINHA BRANCA"";""UN"";""0603.90.00"";""0"";""39,00"";""0,00"";"""";""Ativo"";""0,00"";""0,00"";""	1"";""LUISA BRENNAND BARBOSA CHIAPERINI"";"""";""0,00"";""0,00"";""0,000"";""0,000"";""	"";""	"";""0,00"";""0,00"";""0,00"";"""";"""";"""";""0,00"";"""";""Terceiros"";"""";"""";"""";"""";""0,00"";"""";""0"";"""";"""";""28.999.00"";""0"";"""";""0"";"""";"""";""0"";""NÃO"";""NÃO ESPECIFICADO"";""NÃO"";"""";"""";"""";""Centímetro"";""0,00"";""0,0000"";""0,0000"";""0,0000"";"""";""""
""16301737796"";""G02512	"";""Guirlanda Natal"";""UN"";""0603.90.00"";""0"";""259,00"";""0,00"";"""";""Ativo"";""0,00"";""0,00"";""	1"";""LUISA BRENNAND BARBOSA CHIAPERINI"";"""";""0,00"";""0,00"";""0,000"";""0,000"";""	"";""	"";""0,00"";""0,00"";""0,00"";"""";"""";"""";""0,00"";"""";""Terceiros"";"""";"""";"""";"""";""0,00"";"""";""0"";"""";"""";""28.999.00"";""0"";"""";""0"";"""";"""";""0"";""NÃO"";""NÃO ESPECIFICADO"";""NÃO"";"""";"""";"""";""Centímetro"";""0,00"";""0,0000"";""0,0000"";""0,0000"";"""";""""
""16301737795"";""DG028	"";""VASOGRANDE BRANCO"";""UN"";""0603.90.00"";""0"";""399,00"";""0,00"";"""";""Ativo"";""1,00"";""0,00"";""	1"";""LUISA BRENNAND BARBOSA CHIAPERINI"";"""";""0,00"";""0,00"";""0,000"";""0,000"";""	"";""	"";""0,00"";""0,00"";""0,00"";"""";"""";"""";""0,00"";"""";""Terceiros"";"""";"""";"""";"""";""0,00"";"""";""0"";"""";"""";""28.999.00"";""0"";"""";""0"";"""";"""";""0"";""NÃO"";""NÃO ESPECIFICADO"";""NÃO"";"""";"""";"""";""Centímetro"";""0,00"";""0,0000"";""0,0000"";""0,0000"";"""";""""
""16301737794"";""CXP023	"";""caixinha flores"";""UN"";""0603.90.00"";""0"";""139,00"";""0,00"";"""";""Ativo"";""0,00"";""0,00"";""	1"";""LUISA BRENNAND BARBOSA CHIAPERINI"";"""";""0,00"";""0,00"";""0,000"";""0,000"";""	"";""	"";""0,00"";""0,00"";""0,00"";"""";"""";"""";""0,00"";"""";""Terceiros"";"""";"""";"""";"""";""0,00"";"""";""0"";"""";"""";""28.999.00"";""0"";"""";""0"";"""";"""";""0"";""NÃO"";""NÃO ESPECIFICADO"";""NÃO"";"""";"""";"""";""Centímetro"";""0,00"";""0,0000"";""0,0000"";""0,0000"";"""";""""
""16301737793"";""CXP001	"";""Caixinha pai"";""UN"";""3307.49.00"";""0"";""5,00"";""0,00"";"""";""Ativo"";""0,00"";""0,00"";""	1"";""LUISA BRENNAND BARBOSA CHIAPERINI"";"""";""0,00"";""0,00"";""0,000"";""0,000"";""	"";""	"";""0,00"";""0,00"";""0,00"";"""";"""";"""";""0,00"";""Variação"";""Terceiros"";"""";"""";"""";"""";""0,00"";"""";""0"";"""";"""";"""";""0"";"""";""0"";"""";"""";""0"";""NÃO"";""NÃO ESPECIFICADO"";""NÃO"";"""";"""";"""";""Centímetro"";""0,00"";""0,0000"";""0,0000"";""0,0000"";"""";""""
""16301737792"";""CX0432/M	"";""CAIXA DIFUSOR FLOR 100ML"";""UN"";""3307.49.00"";""0"";""80,00"";""0,00"";"""";""Ativo"";""5,00"";""0,00"";""	1"";""LUISA BRENNAND BARBOSA CHIAPERINI"";"""";""0,00"";""0,00"";""0,000"";""0,000"";""	"";""	"";""0,00"";""0,00"";""0,00"";"""";"""";"""";""0,00"";"""";""Terceiros"";"""";"""";"""";"""";""0,00"";"""";""0"";"""";"""";"""";""0"";"""";""0"";"""";"""";""0"";""NÃO"";""NÃO ESPECIFICADO"";""NÃO"";"""";"""";"""";""Centímetro"";""0,00"";""0,0000"";""0,0000"";""0,0000"";"""";""""
""16301737791"";""CX0345/P	"";""CAIXA DIFUSOR FLOR 50ML"";""UN"";""3307.49.00"";""0"";""52,00"";""0,00"";"""";""Ativo"";""0,00"";""0,00"";""	1"";""LUISA BRENNAND BARBOSA CHIAPERINI"";"""";""0,00"";""0,00"";""0,000"";""0,000"";""	"";""	"";""0,00"";""0,00"";""0,00"";"""";"""";"""";""0,00"";"""";""Terceiros"";"""";"""";"""";"""";""0,00"";"""";""0"";"""";"""";"""";""0"";"""";""0"";"""";"""";""0"";""NÃO"";""NÃO ESPECIFICADO"";""NÃO"";"""";"""";"""";""Centímetro"";""0,00"";""0,0000"";""0,0000"";""0,0000"";"""";""""
""16301737790"";""CX/005/P	"";""CAIXA PASCOA"";""UN"";""3406.00.00"";""0"";""6,00"";""0,00"";"""";""Ativo"";""0,00"";""0,00"";""	1"";""LUISA BRENNAND BARBOSA CHIAPERINI"";"""";""0,00"";""0,00"";""0,000"";""0,000"";""	"";""	"";""0,00"";""0,00"";""0,00"";"""";"""";"""";""0,00"";"""";""Terceiros"";"""";"""";"""";"""";""0,00"";"""";""0"";"""";"""";"""";""0"";"""";""0"";"""";"""";""0"";""NÃO"";""NÃO ESPECIFICADO"";""NÃO"";"""";"""";"""";""Centímetro"";""0,00"";""0,0000"";""0,0000"";""0,0000"";"""";""""
""16301737789"";""CX/004	"";""CAIXA TOALHA NATAL"";""UN"";""3307.49.00"";""0"";""14,00"";""0,00"";"""";""Ativo"";""0,00"";""0,00"";""	1"";""LUISA BRENNAND BARBOSA CHIAPERINI"";"""";""0,00"";""0,00"";""0,000"";""0,000"";""	"";""	"";""0,00"";""0,00"";""0,00"";"""";"""";"""";""0,00"";""Variação"";""Terceiros"";"""";"""";"""";"""";""0,00"";"""";""0"";"""";"""";"""";""0"";"""";""0"";"""";"""";""0"";""NÃO"";""NÃO ESPECIFICADO"";""NÃO"";"""";"""";"""";""Centímetro"";""0,00"";""0,0000"";""0,0000"";""0,0000"";"""";""""
""16301737788"";""CX/003/SA	"";""CAIXA SABONETES"";""UN"";""3401.10.00"";""0"";""20,00"";""0,00"";"""";""Ativo"";""0,00"";""0,00"";""	1"";""LUISA BRENNAND BARBOSA CHIAPERINI"";"""";""0,00"";""0,00"";""0,000"";""0,000"";""	"";""	"";""0,00"";""0,00"";""0,00"";"""";"""";"""";""0,00"";""Variação"";""Terceiros"";"""";"""";"""";"""";""0,00"";"""";""0"";"""";"""";"""";""0"";"""";""0"";"""";"""";""0"";""NÃO"";""NÃO ESPECIFICADO"";""NÃO"";"""";"""";"""";""Centímetro"";""0,00"";""0,0000"";""0,0000"";""0,0000"";"""";""""
""16301737787"";""CR032	"";""CENTRO ROSE"";""UN"";""0603.90.00"";""0"";""189,00"";""0,00"";"""";""Ativo"";""0,00"";""0,00"";""	1"";""LUISA BRENNAND BARBOSA CHIAPERINI"";"""";""0,00"";""0,00"";""0,000"";""0,000"";""	"";""	"";""0,00"";""0,00"";""0,00"";"""";"""";"""";""0,00"";"""";""Terceiros"";"""";"""";"""";"""";""0,00"";"""";""0"";"""";"""";""28.999.00"";""0"";"""";""0"";"""";"""";""0"";""NÃO"";""NÃO ESPECIFICADO"";""NÃO"";"""";"""";"""";""Centímetro"";""0,00"";""0,0000"";""0,0000"";""0,0000"";"""";""""
""16301737786"";""CR004	"";""FLORES CAIXA RETAN."";""UN"";""0603.90.00"";""0"";""229,00"";""0,00"";"""";""Ativo"";""2,00"";""0,00"";""	1"";""LUISA BRENNAND BARBOSA CHIAPERINI"";"""";""0,00"";""0,00"";""0,000"";""0,000"";""	"";""	"";""0,00"";""0,00"";""0,00"";"""";"""";"""";""0,00"";"""";""Terceiros"";"""";"""";"""";"""";""0,00"";"""";""0"";"""";"""";""28.999.00"";""0"";"""";""0"";"""";"""";""0"";""NÃO"";""NÃO ESPECIFICADO"";""NÃO"";"""";"""";"""";""Centímetro"";""0,00"";""0,0000"";""0,0000"";""0,0000"";"""";""""
""16301737785"";""CQ 005	"";""caixa quadrada"";""UN"";""3307.49.00"";""0"";""189,00"";""0,00"";"""";""Ativo"";""0,00"";""0,00"";""	1"";""LUISA BRENNAND BARBOSA CHIAPERINI"";"""";""0,00"";""0,00"";""0,000"";""0,000"";""	"";""	"";""0,00"";""0,00"";""0,00"";"""";"""";"""";""0,00"";""Variação"";""Terceiros"";"""";"""";"""";"""";""0,00"";"""";""0"";"""";"""";"""";""0"";"""";""0"";"""";"""";""0"";""NÃO"";""NÃO ESPECIFICADO"";""NÃO"";"""";"""";"""";""Centímetro"";""0,00"";""0,0000"";""0,0000"";""0,0000"";"""";""""
""16301737784"";""CPC024	"";""arranjo coelhinhos ceramica"";""UN"";""0603.90.00"";""0"";""49,00"";""0,00"";"""";""Ativo"";""0,00"";""0,00"";""	1"";""LUISA BRENNAND BARBOSA CHIAPERINI"";"""";""0,00"";""0,00"";""0,000"";""0,000"";""	"";""	"";""0,00"";""0,00"";""0,00"";"""";"""";"""";""0,00"";"""";""Terceiros"";"""";"""";"""";"""";""0,00"";"""";""0"";"""";"""";""28.999.00"";""0"";"""";""0"";"""";"""";""0"";""NÃO"";""NÃO ESPECIFICADO"";""NÃO"";"""";"""";"""";""Centímetro"";""0,00"";""0,0000"";""0,0000"";""0,0000"";"""";""""
""16301737783"";""CP008	"";""copinho"";""UN"";""0603.90.00"";""0"";""99,00"";""0,00"";"""";""Ativo"";""1,00"";""0,00"";""	1"";""LUISA BRENNAND BARBOSA CHIAPERINI"";"""";""0,00"";""0,00"";""0,000"";""0,000"";""	"";""	"";""0,00"";""0,00"";""0,00"";"""";"""";"""";""0,00"";"""";""Terceiros"";"""";"""";"""";"""";""0,00"";"""";""0"";"""";"""";""28.999.00"";""0"";"""";""0"";"""";"""";""0"";""NÃO"";""NÃO ESPECIFICADO"";""NÃO"";"""";"""";"""";""Centímetro"";""0,00"";""0,0000"";""0,0000"";""0,0000"";"""";""""
""16301737782"";""CMM0056	"";""Arranjo de Flores P"";""UN"";""0603.90.00"";""0"";""150,00"";""0,00"";"""";""Ativo"";""0,00"";""0,00"";""	1"";""LUISA BRENNAND BARBOSA CHIAPERINI"";"""";""0,00"";""0,00"";""0,000"";""0,000"";""	"";""	"";""0,00"";""0,00"";""0,00"";"""";"""";"""";""0,00"";"""";""Terceiros"";"""";"""";"""";"""";""0,00"";"""";""0"";"""";"""";""28.999.00"";""0"";"""";""0"";"""";"""";""0"";""NÃO"";""NÃO ESPECIFICADO"";""NÃO"";"""";"""";"""";""Centímetro"";""0,00"";""0,0000"";""0,0000"";""0,0000"";"""";""""
""16301737781"";""CMM0055	"";""Arranjo de Flores"";""UN"";""0603.90.00"";""0"";""219,00"";""0,00"";"""";""Ativo"";""0,00"";""0,00"";""	1"";""LUISA BRENNAND BARBOSA CHIAPERINI"";"""";""0,00"";""0,00"";""0,000"";""0,000"";""	"";""	"";""0,00"";""0,00"";""0,00"";"""";"""";"""";""0,00"";"""";""Terceiros"";"""";"""";"""";"""";""0,00"";"""";""0"";"""";"""";""28.999.00"";""0"";"""";""0"";"""";"""";""0"";""NÃO"";""NÃO ESPECIFICADO"";""NÃO"";"""";"""";"""";""Centímetro"";""0,00"";""0,0000"";""0,0000"";""0,0000"";"""";""""
""16301737780"";""CMG035	"";""CENTRO DE MESA G"";""UN"";""0603.90.00"";""0"";""399,00"";""0,00"";"""";""Ativo"";""0,00"";""0,00"";""	1"";""LUISA BRENNAND BARBOSA CHIAPERINI"";"""";""0,00"";""0,00"";""0,000"";""0,000"";""	"";""	"";""0,00"";""0,00"";""0,00"";"""";"""";"""";""0,00"";"""";""Terceiros"";"""";"""";"""";"""";""0,00"";"""";""0"";"""";"""";""28.999.00"";""0"";"""";""0"";"""";"""";""0"";""NÃO"";""NÃO ESPECIFICADO"";""NÃO"";"""";"""";"""";""Centímetro"";""0,00"";""0,0000"";""0,0000"";""0,0000"";"""";""""
""16301737779"";""CM019	"";""COELHOS MADEIRA"";""UN"";"""";""0"";""69,00"";""0,00"";"""";""Ativo"";""0,00"";""0,00"";""	1"";""LUISA BRENNAND BARBOSA CHIAPERINI"";"""";""0,00"";""0,00"";""0,000"";""0,000"";""	"";""	"";""0,00"";""0,00"";""0,00"";"""";"""";"""";""0,00"";""Variação"";""Terceiros"";"""";"""";"""";"""";""0,00"";"""";""0"";"""";"""";"""";""0"";"""";""0"";"""";"""";""0"";""NÃO"";""NÃO ESPECIFICADO"";""NÃO"";"""";"""";"""";""Centímetro"";""0,00"";""0,0000"";""0,0000"";""0,0000"";"""";""""
""16301737778"";""CM018	"";""CENTRO DE MESA M"";""UN"";""0603.90.00"";""0"";""349,00"";""0,00"";"""";""Ativo"";""0,00"";""0,00"";""	1"";""LUISA BRENNAND BARBOSA CHIAPERINI"";"""";""0,00"";""0,00"";""0,000"";""0,000"";""	"";""	"";""0,00"";""0,00"";""0,00"";"""";"""";"""";""0,00"";"""";""Terceiros"";"""";"""";"""";"""";""0,00"";"""";""0"";"""";"""";""28.999.00"";""0"";"""";""0"";"""";"""";""0"";""NÃO"";""NÃO ESPECIFICADO"";""NÃO"";"""";"""";"""";""Centímetro"";""0,00"";""0,0000"";""0,0000"";""0,0000"";"""";""""
""16301737777"";""CM016	"";""CENTRO DE MESA P"";""UN"";""0603.90.00"";""0"";""169,00"";""0,00"";"""";""Ativo"";""0,00"";""0,00"";""	1"";""LUISA BRENNAND BARBOSA CHIAPERINI"";"""";""0,00"";""0,00"";""0,000"";""0,000"";""	"";""	"";""0,00"";""0,00"";""0,00"";"""";"""";"""";""0,00"";"""";""Terceiros"";"""";"""";"""";"""";""0,00"";"""";""0"";"""";"""";""28.999.00"";""0"";"""";""0"";"""";"""";""0"";""NÃO"";""NÃO ESPECIFICADO"";""NÃO"";"""";"""";"""";""Centímetro"";""0,00"";""0,0000"";""0,0000"";""0,0000"";"""";""""
""16301737776"";""CC001	"";""CORAÇÃO CROCHE"";""UN"";""0603.90.00"";""0"";""69,00"";""0,00"";"""";""Ativo"";""3,00"";""0,00"";""	1"";""LUISA BRENNAND BARBOSA CHIAPERINI"";"""";""0,00"";""0,00"";""0,000"";""0,000"";""	"";""	"";""0,00"";""0,00"";""0,00"";"""";"""";"""";""0,00"";"""";""Terceiros"";"""";"""";"""";"""";""0,00"";"""";""0"";"""";"""";""28.999.00"";""0"";"""";""0"";"""";"""";""0"";""NÃO"";""NÃO ESPECIFICADO"";""NÃO"";"""";"""";"""";""Centímetro"";""0,00"";""0,0000"";""0,0000"";""0,0000"";"""";""""
""16301737775"";""CA	"";""FLORES CASINHA"";""UN"";""0603.90.00"";""0"";""49,00"";""0,00"";"""";""Ativo"";""6,00"";""0,00"";""	1"";""LUISA BRENNAND BARBOSA CHIAPERINI"";"""";""0,00"";""0,00"";""0,000"";""0,000"";""	"";""	"";""0,00"";""0,00"";""0,00"";"""";"""";"""";""0,00"";"""";""Terceiros"";"""";"""";"""";"""";""0,00"";"""";""0"";"""";"""";""28.999.00"";""0"";"""";""0"";"""";"""";""0"";""NÃO"";""NÃO ESPECIFICADO"";""NÃO"";"""";"""";"""";""Centímetro"";""0,00"";""0,0000"";""0,0000"";""0,0000"";"""";""""
""16301737774"";""BB0037	"";""BARCA"";""UN"";""0603.90.00"";""0"";""289,00"";""0,00"";"""";""Ativo"";""0,00"";""0,00"";""	1"";""LUISA BRENNAND BARBOSA CHIAPERINI"";"""";""0,00"";""0,00"";""0,000"";""0,000"";""	"";""	"";""0,00"";""0,00"";""0,00"";"""";"""";"""";""0,00"";"""";""Terceiros"";"""";"""";"""";"""";""0,00"";"""";""0"";"""";"""";""28.999.00"";""0"";"""";""0"";"""";"""";""0"";""NÃO"";""NÃO ESPECIFICADO"";""NÃO"";"""";"""";"""";""Centímetro"";""0,00"";""0,0000"";""0,0000"";""0,0000"";"""";""""
""16301737773"";""BAN02	"";""BANDEJA MADEIRA P"";""UN"";""7009.92.00"";""0"";""25,00"";""0,00"";"""";""Ativo"";""0,00"";""0,00"";""	1"";""LUISA BRENNAND BARBOSA CHIAPERINI"";"""";""0,00"";""0,00"";""0,000"";""0,000"";""	"";""	"";""0,00"";""0,00"";""0,00"";"""";"""";"""";""0,00"";""Variação"";""Terceiros"";"""";"""";"""";"""";""0,00"";"""";""0"";"""";"""";"""";""0"";"""";""0"";"""";"""";""0"";""NÃO"";""NÃO ESPECIFICADO"";""NÃO"";"""";"""";"""";""Centímetro"";""0,00"";""0,0000"";""0,0000"";""0,0000"";"""";""""
""16301737772"";""BAN01	"";""BANDEJA madrepérola"";""UN"";""7009.92.00"";""0"";""96,00"";""0,00"";"""";""Ativo"";""3,00"";""0,00"";""	1"";""LUISA BRENNAND BARBOSA CHIAPERINI"";"""";""0,00"";""0,00"";""0,000"";""0,000"";""	"";""	"";""0,00"";""0,00"";""0,00"";"""";"""";"""";""0,00"";""Variação"";""Terceiros"";"""";"""";"""";"""";""0,00"";"""";""0"";"""";"""";"""";""0"";"""";""0"";"""";"""";""0"";""NÃO"";""NÃO ESPECIFICADO"";""NÃO"";"""";"""";"""";""Centímetro"";""0,00"";""0,0000"";""0,0000"";""0,0000"";"""";""""
""16301737771"";""BA027	"";""Bule Agata"";""UN"";""3307.49.00"";""0"";""229,00"";""0,00"";"""";""Ativo"";""0,00"";""0,00"";""	1"";""LUISA BRENNAND BARBOSA CHIAPERINI"";"""";""0,00"";""0,00"";""0,000"";""0,000"";""	"";""	"";""0,00"";""0,00"";""0,00"";"""";"""";"""";""0,00"";"""";""Terceiros"";"""";"""";"""";"""";""0,00"";"""";""0"";"""";"""";"""";""0"";"""";""0"";"""";"""";""0"";""NÃO"";""NÃO ESPECIFICADO"";""NÃO"";"""";"""";"""";""Centímetro"";""0,00"";""0,0000"";""0,0000"";""0,0000"";"""";""""
""16301737767"";""AQ017	"";""AQUARIO G"";""UN"";""0603.90.00"";""0"";""229,00"";""0,00"";"""";""Ativo"";""0,00"";""0,00"";""	1"";""LUISA BRENNAND BARBOSA CHIAPERINI"";"""";""0,00"";""0,00"";""0,000"";""0,000"";""	"";""	"";""0,00"";""0,00"";""0,00"";"""";"""";"""";""0,00"";"""";""Terceiros"";"""";"""";"""";"""";""0,00"";"""";""0"";"""";"""";""28.999.00"";""0"";"""";""0"";"""";"""";""0"";""NÃO"";""NÃO ESPECIFICADO"";""NÃO"";"""";"""";"""";""Centímetro"";""0,00"";""0,0000"";""0,0000"";""0,0000"";"""";""""
""16301737766"";""AP025	"";""Arranjo pequeno"";""UN"";""0603.90.00"";""0"";""49,00"";""0,00"";"""";""Ativo"";""0,00"";""0,00"";""	1"";""LUISA BRENNAND BARBOSA CHIAPERINI"";"""";""0,00"";""0,00"";""0,000"";""0,000"";""	"";""	"";""0,00"";""0,00"";""0,00"";"""";"""";"""";""0,00"";"""";""Terceiros"";"""";"""";"""";"""";""0,00"";"""";""0"";"""";"""";""28.999.00"";""0"";"""";""0"";"""";"""";""0"";""NÃO"";""NÃO ESPECIFICADO"";""NÃO"";"""";"""";"""";""Centímetro"";""0,00"";""0,0000"";""0,0000"";""0,0000"";"""";""""
""16301737765"";""ACP028	"";""Arranjo caixa pequena"";""UN"";""3307.49.00"";""0"";""119,00"";""0,00"";"""";""Ativo"";""0,00"";""0,00"";""	1"";""LUISA BRENNAND BARBOSA CHIAPERINI"";"""";""0,00"";""0,00"";""0,000"";""0,000"";""	"";""	"";""0,00"";""0,00"";""0,00"";"""";"""";"""";""0,00"";""Variação"";""Terceiros"";"""";"""";"""";"""";""0,00"";"""";""0"";"""";"""";"""";""0"";"""";""0"";"""";"""";""0"";""NÃO"";""NÃO ESPECIFICADO"";""NÃO"";"""";"""";"""";""Centímetro"";""0,00"";""0,0000"";""0,0000"";""0,0000"";"""";""""
""16301737764"";""0026/D	"";""DIFUSOR DIJON MINI 50ML NOVO"";""UN"";""3307.49.00"";""0"";""32,00"";""0,00"";"""";""Ativo"";""8,00"";""0,00"";""	1"";""LUISA BRENNAND BARBOSA CHIAPERINI"";"""";""0,00"";""0,00"";""0,000"";""0,000"";""	"";""	"";""0,00"";""0,00"";""0,00"";"""";"""";"""";""0,00"";"""";""Terceiros"";"""";"""";"""";"""";""0,00"";"""";""0"";"""";"""";"""";""0"";"""";""0"";"""";"""";""0"";""NÃO"";""NÃO ESPECIFICADO"";""NÃO"";"""";"""";"""";""Centímetro"";""0,00"";""0,0000"";""0,0000"";""0,0000"";"""";""""
""16301737763"";""9721/CK	"";""CAIXA KIT PRESENTE"";""UN"";""3307.49.00"";""0"";""7,00"";""0,00"";"""";""Ativo"";""0,00"";""0,00"";""	1"";""LUISA BRENNAND BARBOSA CHIAPERINI"";"""";""0,00"";""0,00"";""0,000"";""0,000"";""	"";""	"";""0,00"";""0,00"";""0,00"";"""";"""";"""";""0,00"";""Variação"";""Terceiros"";"""";"""";"""";"""";""0,00"";"""";""0"";"""";"""";"""";""0"";"""";""0"";"""";"""";""0"";""NÃO"";""NÃO ESPECIFICADO"";""NÃO"";"""";"""";"""";""Centímetro"";""0,00"";""0,0000"";""0,0000"";""0,0000"";"""";""""
""16301737761"";""0025/S	"";""SABONETE DIJON 230ML NOVO"";""UN"";""3307.49.00"";""0"";""72,00"";""0,00"";"""";""Ativo"";""0,00"";""0,00"";""	1"";""LUISA BRENNAND BARBOSA CHIAPERINI"";"""";""0,00"";""0,00"";""0,000"";""0,000"";""	"";""	"";""0,00"";""0,00"";""0,00"";"""";"""";"""";""0,00"";"""";""Terceiros"";"""";"""";"""";"""";""0,00"";"""";""0"";"""";"""";"""";""0"";"""";""0"";"""";"""";""0"";""NÃO"";""NÃO ESPECIFICADO"";""NÃO"";"""";"""";"""";""Centímetro"";""0,00"";""0,0000"";""0,0000"";""0,0000"";"""";""""
""16301737760"";""0025/D	"";""DIFUSOR DIJON 230ML NOVO"";""UN"";""3307.49.00"";""0"";""90,00"";""0,00"";"""";""Ativo"";""0,00"";""0,00"";""	1"";""LUISA BRENNAND BARBOSA CHIAPERINI"";"""";""0,00"";""0,00"";""0,000"";""0,000"";""	"";""	"";""0,00"";""0,00"";""0,00"";"""";"""";"""";""0,00"";"""";""Terceiros"";"""";"""";"""";"""";""0,00"";"""";""0"";"""";"""";"""";""0"";"""";""0"";"""";"""";""0"";""NÃO"";""NÃO ESPECIFICADO"";""NÃO"";"""";"""";"""";""Centímetro"";""0,00"";""0,0000"";""0,0000"";""0,0000"";"""";""""
""16301737759"";""0004/S	"";""SABONETE BERLIM 250ML NOVO"";""UN"";""3307.49.00"";""0"";""72,00"";""0,00"";"""";""Ativo"";""0,00"";""0,00"";""	1"";""LUISA BRENNAND BARBOSA CHIAPERINI"";"""";""0,00"";""0,00"";""0,000"";""0,000"";""	"";""	"";""0,00"";""0,00"";""0,00"";"""";"""";"""";""0,00"";"""";""Terceiros"";"""";"""";"""";"""";""0,00"";"""";""0"";"""";"""";"""";""0"";"""";""0"";"""";"""";""0"";""NÃO"";""NÃO ESPECIFICADO"";""NÃO"";"""";"""";"""";""Centímetro"";""0,00"";""0,0000"";""0,0000"";""0,0000"";"""";""""
""16301737757"";""0004/D	"";""DIFUSOR BERLIM 250ML"";""UN"";""3307.49.00"";""0"";""90,00"";""0,00"";"""";""Ativo"";""0,00"";""0,00"";""	1"";""LUISA BRENNAND BARBOSA CHIAPERINI"";"""";""0,00"";""0,00"";""0,000"";""0,000"";""	"";""	"";""0,00"";""0,00"";""0,00"";"""";"""";"""";""0,00"";"""";""Terceiros"";"""";"""";"""";"""";""0,00"";"""";""0"";"""";"""";"""";""0"";"""";""0"";"""";"""";""0"";""NÃO"";""NÃO ESPECIFICADO"";""NÃO"";"""";"""";"""";""Centímetro"";""0,00"";""0,0000"";""0,0000"";""0,0000"";"""";""""
""16301737756"";""0005/S	"";""SABONETE BICO DE JACA 300ML NOVO"";""UN"";""3307.49.00"";""0"";""86,00"";""0,00"";"""";""Ativo"";""1,00"";""0,00"";""	1"";""LUISA BRENNAND BARBOSA CHIAPERINI"";"""";""0,00"";""0,00"";""0,000"";""0,000"";""	"";""	"";""0,00"";""0,00"";""0,00"";"""";"""";"""";""0,00"";"""";""Terceiros"";"""";"""";"""";"""";""0,00"";"""";""0"";"""";"""";"""";""0"";"""";""0"";"""";"""";""0"";""NÃO"";""NÃO ESPECIFICADO"";""NÃO"";"""";"""";"""";""Centímetro"";""0,00"";""0,0000"";""0,0000"";""0,0000"";"""";""""
""16301737755"";""0011/S	"";""SABONETE BOMB 400ML"";""UN"";""3307.49.00"";""0"";""70,00"";""0,00"";"""";""Ativo"";""0,00"";""0,00"";""	1"";""LUISA BRENNAND BARBOSA CHIAPERINI"";"""";""0,00"";""0,00"";""0,000"";""0,000"";""	"";""	"";""0,00"";""0,00"";""0,00"";"""";"""";"""";""0,00"";"""";""Terceiros"";"""";"""";"""";"""";""0,00"";"""";""0"";"""";"""";"""";""0"";"""";""0"";"""";"""";""0"";""NÃO"";""NÃO ESPECIFICADO"";""NÃO"";"""";"""";"""";""Centímetro"";""0,00"";""0,0000"";""0,0000"";""0,0000"";"""";""""
""16301737754"";""0011/D	"";""DIFUSOR BOMB"";""UN"";""3307.49.00"";""0"";""97,00"";""0,00"";"""";""Ativo"";""0,00"";""0,00"";""	1"";""LUISA BRENNAND BARBOSA CHIAPERINI"";"""";""0,00"";""0,00"";""0,000"";""0,000"";""	"";""	"";""0,00"";""0,00"";""0,00"";"""";"""";"""";""0,00"";"""";""Terceiros"";"""";"""";"""";"""";""0,00"";"""";""0"";"""";"""";"""";""0"";"""";""0"";"""";"""";""0"";""NÃO"";""NÃO ESPECIFICADO"";""NÃO"";"""";"""";"""";""Centímetro"";""0,00"";""0,0000"";""0,0000"";""0,0000"";"""";""""
""16301737752"";""0018/S	"";""SABONETE CINDY TRANSPARENTE"";""UN"";""3307.49.00"";""0"";""69,00"";""0,00"";"""";""Ativo"";""6,00"";""0,00"";""	1"";""LUISA BRENNAND BARBOSA CHIAPERINI"";"""";""0,00"";""0,00"";""0,000"";""0,000"";""	"";""	"";""0,00"";""0,00"";""0,00"";"""";"""";"""";""0,00"";"""";""Terceiros"";"""";"""";"""";"""";""0,00"";"""";""0"";"""";"""";"""";""0"";"""";""0"";"""";"""";""0"";""NÃO"";""NÃO ESPECIFICADO"";""NÃO"";"""";"""";"""";""Centímetro"";""0,00"";""0,0000"";""0,0000"";""0,0000"";"""";""""
""16301737751"";""0018/D	"";""DIFUSOR CINDY TRANSPARENTE"";""UN"";""3307.49.00"";""0"";""84,00"";""0,00"";"""";""Ativo"";""9,00"";""0,00"";""	1"";""LUISA BRENNAND BARBOSA CHIAPERINI"";"""";""0,00"";""0,00"";""0,000"";""0,000"";""	"";""	"";""0,00"";""0,00"";""0,00"";"""";"""";"""";""0,00"";"""";""Terceiros"";"""";"""";"""";"""";""0,00"";"""";""0"";"""";"""";"""";""0"";"""";""0"";"""";"""";""0"";""NÃO"";""NÃO ESPECIFICADO"";""NÃO"";"""";"""";"""";""Centímetro"";""0,00"";""0,0000"";""0,0000"";""0,0000"";"""";""""
""16301737750"";""0028/S	"";""SABONETE ELEGANCE 220ML NOVO"";""UN"";""3307.49.00"";""0"";""75,00"";""0,00"";"""";""Ativo"";""0,00"";""0,00"";""	1"";""LUISA BRENNAND BARBOSA CHIAPERINI"";"""";""0,00"";""0,00"";""0,000"";""0,000"";""	"";""	"";""0,00"";""0,00"";""0,00"";"""";"""";"""";""0,00"";"""";""Terceiros"";"""";"""";"""";"""";""0,00"";"""";""0"";"""";"""";"""";""0"";"""";""0"";"""";"""";""0"";""NÃO"";""NÃO ESPECIFICADO"";""NÃO"";"""";"""";"""";""Centímetro"";""0,00"";""0,0000"";""0,0000"";""0,0000"";"""";""""
""16301737749"";""0028/D	"";""DIFUSOR ELEGANCE 220ML NOVO"";""UN"";""3307.49.00"";""0"";""93,00"";""0,00"";"""";""Ativo"";""0,00"";""0,00"";""	1"";""LUISA BRENNAND BARBOSA CHIAPERINI"";"""";""0,00"";""0,00"";""0,000"";""0,000"";""	"";""	"";""0,00"";""0,00"";""0,00"";"""";"""";"""";""0,00"";"""";""Terceiros"";"""";"""";"""";"""";""0,00"";"""";""0"";"""";"""";"""";""0"";"""";""0"";"""";"""";""0"";""NÃO"";""NÃO ESPECIFICADO"";""NÃO"";"""";"""";"""";""Centímetro"";""0,00"";""0,0000"";""0,0000"";""0,0000"";"""";""""
""16301737748"";""0057/S	"";""SABONETE X NOVO"";""UN"";""3307.49.00"";""0"";""70,00"";""0,00"";"""";""Ativo"";""0,00"";""0,00"";""	1"";""LUISA BRENNAND BARBOSA CHIAPERINI"";"""";""0,00"";""0,00"";""0,000"";""0,000"";""	"";""	"";""0,00"";""0,00"";""0,00"";"""";"""";"""";""0,00"";"""";""Terceiros"";"""";"""";"""";"""";""0,00"";"""";""0"";"""";"""";"""";""0"";"""";""0"";"""";"""";""0"";""NÃO"";""NÃO ESPECIFICADO"";""NÃO"";"""";"""";"""";""Centímetro"";""0,00"";""0,0000"";""0,0000"";""0,0000"";"""";""""
""16301737747"";""0057/D	"";""DIFUSOR X NOVO"";""UN"";""3307.49.00"";""0"";""92,00"";""0,00"";"""";""Ativo"";""0,00"";""0,00"";""	1"";""LUISA BRENNAND BARBOSA CHIAPERINI"";"""";""0,00"";""0,00"";""0,000"";""0,000"";""	"";""	"";""0,00"";""0,00"";""0,00"";"""";"""";"""";""0,00"";"""";""Terceiros"";"""";"""";"""";"""";""0,00"";"""";""0"";"""";"""";"""";""0"";"""";""0"";"""";"""";""0"";""NÃO"";""NÃO ESPECIFICADO"";""NÃO"";"""";"""";"""";""Centímetro"";""0,00"";""0,0000"";""0,0000"";""0,0000"";"""";""""
""16301737745"";""0069/D	"";""DIFUSOR ESPIRAL 120ML"";""UN"";""3307.49.00"";""0"";""68,00"";""0,00"";"""";""Ativo"";""0,00"";""0,00"";""	1"";""LUISA BRENNAND BARBOSA CHIAPERINI"";"""";""0,00"";""0,00"";""0,000"";""0,000"";""	"";""	"";""0,00"";""0,00"";""0,00"";"""";"""";"""";""0,00"";"""";""Terceiros"";"""";"""";"""";"""";""0,00"";"""";""0"";"""";"""";"""";""0"";"""";""0"";"""";"""";""0"";""NÃO"";""NÃO ESPECIFICADO"";""NÃO"";"""";"""";"""";""Centímetro"";""0,00"";""0,0000"";""0,0000"";""0,0000"";"""";""""
""16301737744"";""0047/D	"";""DIFUSOR REDONDO BX 100ML NOVO"";""UN"";""3307.49.00"";""0"";""49,00"";""0,00"";"""";""Ativo"";""0,00"";""0,00"";""	1"";""LUISA BRENNAND BARBOSA CHIAPERINI"";"""";""0,00"";""0,00"";""0,000"";""0,000"";""	"";""	"";""0,00"";""0,00"";""0,00"";"""";"""";"""";""0,00"";"""";""Terceiros"";"""";"""";"""";"""";""0,00"";"""";""0"";"""";"""";"""";""0"";"""";""0"";"""";"""";""0"";""NÃO"";""NÃO ESPECIFICADO"";""NÃO"";"""";"""";"""";""Centímetro"";""0,00"";""0,0000"";""0,0000"";""0,0000"";"""";""""
""16301737743"";""33201/S	"";""SABONETE BOLHA TRANSPARENTE 500ML"";""UN"";""3307.49.00"";""0"";""120,00"";""0,00"";"""";""Ativo"";""0,00"";""0,00"";""	1"";""LUISA BRENNAND BARBOSA CHIAPERINI"";"""";""0,00"";""0,00"";""0,000"";""0,000"";""	"";""	"";""0,00"";""0,00"";""0,00"";"""";"""";"""";""0,00"";""Variação"";""Terceiros"";"""";"""";"""";"""";""0,00"";"""";""0"";"""";"""";"""";""0"";"""";""0"";"""";"""";""0"";""NÃO"";""NÃO ESPECIFICADO"";""NÃO"";"""";"""";"""";""Centímetro"";""0,00"";""0,0000"";""0,0000"";""0,0000"";"""";""""
""16301737741"";""0063/D	"";""DIFUSOR BOLHA 500ML"";""UN"";""3307.49.00"";""0"";""126,00"";""0,00"";"""";""Ativo"";""0,00"";""0,00"";""	1"";""LUISA BRENNAND BARBOSA CHIAPERINI"";"""";""0,00"";""0,00"";""0,000"";""0,000"";""	"";""	"";""0,00"";""0,00"";""0,00"";"""";"""";"""";""0,00"";"""";""Terceiros"";"""";"""";"""";"""";""0,00"";"""";""0"";"""";"""";"""";""0"";"""";""0"";"""";"""";""0"";""NÃO"";""NÃO ESPECIFICADO"";""NÃO"";"""";"""";"""";""Centímetro"";""0,00"";""0,0000"";""0,0000"";""0,0000"";"""";""""
""16301737740"";""0063/S	"";""SABONETE BOLHA 500ML"";""UN"";""3307.49.00"";""0"";""103,00"";""0,00"";"""";""Ativo"";""0,00"";""0,00"";""	1"";""LUISA BRENNAND BARBOSA CHIAPERINI"";"""";""0,00"";""0,00"";""0,000"";""0,000"";""	"";""	"";""0,00"";""0,00"";""0,00"";"""";"""";"""";""0,00"";"""";""Terceiros"";"""";"""";"""";"""";""0,00"";"""";""0"";"""";"""";"""";""0"";"""";""0"";"""";"""";""0"";""NÃO"";""NÃO ESPECIFICADO"";""NÃO"";"""";"""";"""";""Centímetro"";""0,00"";""0,0000"";""0,0000"";""0,0000"";"""";""""
""16301737739"";""3099	"";""Jarro Seixo"";""UN"";""0603.90.00"";""0"";""139,00"";""0,00"";"""";""Ativo"";""0,00"";""0,00"";""	1"";""LUISA BRENNAND BARBOSA CHIAPERINI"";"""";""0,00"";""0,00"";""0,000"";""0,000"";""	"";""	"";""0,00"";""0,00"";""0,00"";"""";"""";"""";""0,00"";"""";""Terceiros"";"""";"""";"""";"""";""0,00"";"""";""0"";"""";"""";""28.999.00"";""0"";"""";""0"";"""";"""";""0"";""NÃO"";""NÃO ESPECIFICADO"";""NÃO"";"""";"""";"""";""Centímetro"";""0,00"";""0,0000"";""0,0000"";""0,0000"";"""";""""
""16301737738"";""3098	"";""PC Placa Coração"";""UN"";""3406.00.00"";""0"";""109,00"";""0,00"";"""";""Ativo"";""0,00"";""0,00"";""	1"";""LUISA BRENNAND BARBOSA CHIAPERINI"";"""";""0,00"";""0,00"";""0,000"";""0,000"";""	"";""	"";""0,00"";""0,00"";""0,00"";"""";"""";"""";""0,00"";"""";""Terceiros"";"""";"""";"""";"""";""0,00"";"""";""0"";"""";"""";"""";""0"";"""";""0"";"""";"""";""0"";""NÃO"";""NÃO ESPECIFICADO"";""NÃO"";"""";"""";"""";""Centímetro"";""0,00"";""0,0000"";""0,0000"";""0,0000"";"""";""""
""16301737736"";""3097	"";""DIFUSOR YOGI"";""UN"";""3406.00.00"";""0"";""126,00"";""0,00"";"""";""Ativo"";""13,00"";""0,00"";""	1"";""LUISA BRENNAND BARBOSA CHIAPERINI"";"""";""0,00"";""0,00"";""0,000"";""0,000"";""	"";""	"";""0,00"";""0,00"";""0,00"";"""";"""";"""";""0,00"";"""";""Terceiros"";"""";"""";"""";"""";""0,00"";"""";""0"";"""";"""";"""";""0"";"""";""0"";"""";"""";""0"";""NÃO"";""NÃO ESPECIFICADO"";""NÃO"";"""";"""";"""";""Centímetro"";""0,00"";""0,0000"";""0,0000"";""0,0000"";"""";""""
""16301737735"";""0014/S	"";""SABONETE CILINDRICO"";""UN"";""3307.49.00"";""0"";""59,00"";""0,00"";"""";""Ativo"";""2,00"";""0,00"";""	1"";""LUISA BRENNAND BARBOSA CHIAPERINI"";"""";""0,00"";""0,00"";""0,000"";""0,000"";""	"";""	"";""0,00"";""0,00"";""0,00"";"""";"""";"""";""0,00"";"""";""Terceiros"";"""";"""";"""";"""";""0,00"";"""";""0"";"""";"""";"""";""0"";"""";""0"";"""";"""";""0"";""NÃO"";""NÃO ESPECIFICADO"";""NÃO"";"""";"""";"""";""Centímetro"";""0,00"";""0,0000"";""0,0000"";""0,0000"";"""";""""
""16301737734"";""0014/D	"";""DIFUSOR CILINDRICO"";""UN"";""3307.49.00"";""0"";""69,00"";""0,00"";"""";""Ativo"";""0,00"";""0,00"";""	1"";""LUISA BRENNAND BARBOSA CHIAPERINI"";"""";""0,00"";""0,00"";""0,000"";""0,000"";""	"";""	"";""0,00"";""0,00"";""0,00"";"""";"""";"""";""0,00"";"""";""Terceiros"";"""";"""";"""";"""";""0,00"";"""";""0"";"""";"""";"""";""0"";"""";""0"";"""";"""";""0"";""NÃO"";""NÃO ESPECIFICADO"";""NÃO"";"""";"""";"""";""Centímetro"";""0,00"";""0,0000"";""0,0000"";""0,0000"";"""";""""
""16301737732"";""0015/S	"";""SABONETE 200ML CILINDRICO"";""UN"";""3307.49.00"";""0"";""72,00"";""0,00"";"""";""Ativo"";""0,00"";""0,00"";""	1"";""LUISA BRENNAND BARBOSA CHIAPERINI"";"""";""0,00"";""0,00"";""0,000"";""0,000"";""	"";""	"";""0,00"";""0,00"";""0,00"";"""";"""";"""";""0,00"";"""";""Terceiros"";"""";"""";"""";"""";""0,00"";"""";""0"";"""";"""";"""";""0"";"""";""0"";"""";"""";""0"";""NÃO"";""NÃO ESPECIFICADO"";""NÃO"";"""";"""";"""";""Centímetro"";""0,00"";""0,0000"";""0,0000"";""0,0000"";"""";""""
""16301737731"";""0015/D	"";""DIFUSOR CILÍNDRICO 200ML"";""UN"";""3307.49.00"";""0"";""80,00"";""0,00"";"""";""Ativo"";""0,00"";""0,00"";""	1"";""LUISA BRENNAND BARBOSA CHIAPERINI"";"""";""0,00"";""0,00"";""0,000"";""0,000"";""	"";""	"";""0,00"";""0,00"";""0,00"";"""";"""";"""";""0,00"";"""";""Terceiros"";"""";"""";"""";"""";""0,00"";"""";""0"";"""";"""";"""";""0"";"""";""0"";"""";"""";""0"";""NÃO"";""NÃO ESPECIFICADO"";""NÃO"";"""";"""";"""";""Centímetro"";""0,00"";""0,0000"";""0,0000"";""0,0000"";"""";""""
""16301737730"";""3030	"";""Hidratante P"";""UN"";""3304.99.10"";""0"";""28,90"";""0,00"";"""";""Ativo"";""0,00"";""0,00"";""	1"";""LUISA BRENNAND BARBOSA CHIAPERINI"";"""";""0,00"";""0,00"";""0,000"";""0,000"";""	"";""	"";""0,00"";""0,00"";""0,00"";"""";"""";"""";""0,00"";""Variação"";""Terceiros"";"""";"""";"""";"""";""0,00"";"""";""0"";"""";"""";"""";""0"";"""";""0"";"""";"""";""0"";""NÃO"";""NÃO ESPECIFICADO"";""NÃO"";"""";"""";"""";""Centímetro"";""0,00"";""0,0000"";""0,0000"";""0,0000"";"""";""""
""16301737728"";""2025/V	"";""VELA PINHA"";""UN"";""3406.00.00"";""0"";""29,00"";""0,00"";"""";""Ativo"";""0,00"";""0,00"";""	1"";""LUISA BRENNAND BARBOSA CHIAPERINI"";"""";""0,00"";""0,00"";""0,000"";""0,000"";""	"";""	"";""0,00"";""0,00"";""0,00"";"""";"""";"""";""0,00"";"""";""Terceiros"";"""";"""";"""";"""";""0,00"";"""";""0"";"""";"""";"""";""0"";"""";""0"";"""";"""";""0"";""NÃO"";""NÃO ESPECIFICADO"";""NÃO"";"""";"""";"""";""Centímetro"";""0,00"";""0,0000"";""0,0000"";""0,0000"";"""";""""
""16301737726"";""2026/V	"";""VELA ANJO M"";""UN"";""3406.00.00"";""0"";""35,00"";""0,00"";"""";""Ativo"";""0,00"";""0,00"";""	1"";""LUISA BRENNAND BARBOSA CHIAPERINI"";"""";""0,00"";""0,00"";""0,000"";""0,000"";""	"";""	"";""0,00"";""0,00"";""0,00"";"""";"""";"""";""0,00"";"""";""Terceiros"";"""";"""";"""";"""";""0,00"";"""";""0"";"""";"""";"""";""0"";"""";""0"";"""";"""";""0"";""NÃO"";""NÃO ESPECIFICADO"";""NÃO"";"""";"""";"""";""Centímetro"";""0,00"";""0,0000"";""0,0000"";""0,0000"";"""";""""
""16301737725"";""2027/V	"";""VELA ANJO P"";""UN"";""3406.00.00"";""0"";""15,00"";""0,00"";"""";""Ativo"";""0,00"";""0,00"";""	1"";""LUISA BRENNAND BARBOSA CHIAPERINI"";"""";""0,00"";""0,00"";""0,000"";""0,000"";""	"";""	"";""0,00"";""0,00"";""0,00"";"""";"""";"""";""0,00"";"""";""Terceiros"";"""";"""";"""";"""";""0,00"";"""";""0"";"""";"""";"""";""0"";"""";""0"";"""";"""";""0"";""NÃO"";""NÃO ESPECIFICADO"";""NÃO"";"""";"""";"""";""Centímetro"";""0,00"";""0,0000"";""0,0000"";""0,0000"";"""";""""
""16301737723"";""2028/V	"";""VELA PINHEIRO M"";""UN"";""3406.00.00"";""0"";""35,00"";""0,00"";"""";""Ativo"";""0,00"";""0,00"";""	1"";""LUISA BRENNAND BARBOSA CHIAPERINI"";"""";""0,00"";""0,00"";""0,000"";""0,000"";""	"";""	"";""0,00"";""0,00"";""0,00"";"""";"""";"""";""0,00"";"""";""Terceiros"";"""";"""";"""";"""";""0,00"";"""";""0"";"""";"""";"""";""0"";"""";""0"";"""";"""";""0"";""NÃO"";""NÃO ESPECIFICADO"";""NÃO"";"""";"""";"""";""Centímetro"";""0,00"";""0,0000"";""0,0000"";""0,0000"";"""";""""
""16301737721"";""2029/V	"";""VELA PINHEIRO P"";""UN"";""3406.00.00"";""0"";""15,00"";""0,00"";"""";""Ativo"";""2,00"";""0,00"";""	1"";""LUISA BRENNAND BARBOSA CHIAPERINI"";"""";""0,00"";""0,00"";""0,000"";""0,000"";""	"";""	"";""0,00"";""0,00"";""0,00"";"""";"""";"""";""0,00"";"""";""Terceiros"";"""";"""";"""";"""";""0,00"";"""";""0"";"""";"""";"""";""0"";"""";""0"";"""";"""";""0"";""NÃO"";""NÃO ESPECIFICADO"";""NÃO"";"""";"""";"""";""Centímetro"";""0,00"";""0,0000"";""0,0000"";""0,0000"";"""";""""
""16301737720"";""3024	"";""CAIXA GRANDE NATAL"";""UN"";""3307.49.00"";""0"";""28,00"";""0,00"";"""";""Ativo"";""0,00"";""0,00"";""	1"";""LUISA BRENNAND BARBOSA CHIAPERINI"";"""";""0,00"";""0,00"";""0,000"";""0,000"";""	"";""	"";""0,00"";""0,00"";""0,00"";"""";"""";"""";""0,00"";""Variação"";""Terceiros"";"""";"""";"""";"""";""0,00"";"""";""0"";"""";"""";"""";""0"";"""";""0"";"""";"""";""0"";""NÃO"";""NÃO ESPECIFICADO"";""NÃO"";"""";"""";"""";""Centímetro"";""0,00"";""0,0000"";""0,0000"";""0,0000"";"""";""""
""16301737719"";""3023	"";""CAIXA DIVERSAS NATAL"";""UN"";""3307.49.00"";""0"";""6,00"";""0,00"";"""";""Ativo"";""0,00"";""0,00"";""	1"";""LUISA BRENNAND BARBOSA CHIAPERINI"";"""";""0,00"";""0,00"";""0,000"";""0,000"";""	"";""	"";""0,00"";""0,00"";""0,00"";"""";"""";"""";""0,00"";""Variação"";""Terceiros"";"""";"""";"""";"""";""0,00"";"""";""0"";"""";"""";"""";""0"";"""";""0"";"""";"""";""0"";""NÃO"";""NÃO ESPECIFICADO"";""NÃO"";"""";"""";"""";""Centímetro"";""0,00"";""0,0000"";""0,0000"";""0,0000"";"""";""""
""16301737717"";""3022	"";""CAIXA INDIVIDUAL NATAL"";""UN"";""3307.49.00"";""0"";""5,00"";""0,00"";"""";""Ativo"";""0,00"";""0,00"";""	1"";""LUISA BRENNAND BARBOSA CHIAPERINI"";"""";""0,00"";""0,00"";""0,000"";""0,000"";""	"";""	"";""0,00"";""0,00"";""0,00"";"""";"""";"""";""0,00"";""Variação"";""Terceiros"";"""";"""";"""";"""";""0,00"";"""";""0"";"""";"""";"""";""0"";"""";""0"";"""";"""";""0"";""NÃO"";""NÃO ESPECIFICADO"";""NÃO"";"""";"""";"""";""Centímetro"";""0,00"";""0,0000"";""0,0000"";""0,0000"";"""";""""
""16301737716"";""0055/D	"";""DIFUSOR VALENCIA COLORIDO NOVO"";""UN"";""3307.49.00"";""0"";""84,00"";""0,00"";"""";""Ativo"";""0,00"";""0,00"";""	1"";""LUISA BRENNAND BARBOSA CHIAPERINI"";"""";""0,00"";""0,00"";""0,000"";""0,000"";""	"";""	"";""0,00"";""0,00"";""0,00"";"""";"""";"""";""0,00"";"""";""Terceiros"";"""";"""";"""";"""";""0,00"";"""";""0"";"""";"""";"""";""0"";"""";""0"";"""";"""";""0"";""NÃO"";""NÃO ESPECIFICADO"";""NÃO"";"""";"""";"""";""Centímetro"";""0,00"";""0,0000"";""0,0000"";""0,0000"";"""";""""
""16301737714"";""0005/D	"";""DIFUSOR BICO DE JACA 300ML NOVO"";""UN"";""3307.49.00"";""0"";""101,00"";""0,00"";"""";""Ativo"";""0,00"";""0,00"";""	1"";""LUISA BRENNAND BARBOSA CHIAPERINI"";"""";""0,00"";""0,00"";""0,000"";""0,000"";""	"";""	"";""0,00"";""0,00"";""0,00"";"""";"""";"""";""0,00"";"""";""Terceiros"";"""";"""";"""";"""";""0,00"";"""";""0"";"""";"""";"""";""0"";"""";""0"";"""";"""";""0"";""NÃO"";""NÃO ESPECIFICADO"";""NÃO"";"""";"""";"""";""Centímetro"";""0,00"";""0,0000"";""0,0000"";""0,0000"";"""";""""
""16301737712"";""3018	"";""Placa quadrada sem flores"";""UN"";""0603.90.00"";""0"";""25,00"";""0,00"";"""";""Ativo"";""0,00"";""0,00"";""	1"";""LUISA BRENNAND BARBOSA CHIAPERINI"";"""";""0,00"";""0,00"";""0,000"";""0,000"";""	"";""	"";""0,00"";""0,00"";""0,00"";"""";"""";"""";""0,00"";"""";""Terceiros"";"""";"""";"""";"""";""0,00"";"""";""0"";"""";"""";""28.999.00"";""0"";"""";""0"";"""";"""";""0"";""NÃO"";""NÃO ESPECIFICADO"";""NÃO"";"""";"""";"""";""Centímetro"";""0,00"";""0,0000"";""0,0000"";""0,0000"";"""";""""
""16301737711"";""2030/V	"";""VELA CÔCO"";""UN"";""3406.00.00"";""0"";""25,00"";""0,00"";"""";""Ativo"";""0,00"";""0,00"";""	1"";""LUISA BRENNAND BARBOSA CHIAPERINI"";"""";""0,00"";""0,00"";""0,000"";""0,000"";""	"";""	"";""0,00"";""0,00"";""0,00"";"""";"""";"""";""0,00"";"""";""Terceiros"";"""";"""";"""";"""";""0,00"";"""";""0"";"""";"""";"""";""0"";"""";""0"";"""";"""";""0"";""NÃO"";""NÃO ESPECIFICADO"";""NÃO"";"""";"""";"""";""Centímetro"";""0,00"";""0,0000"";""0,0000"";""0,0000"";"""";""""
""16301737709"";""3016	"";""Pote 100g"";""UN"";"""";""0"";""17,00"";""0,00"";"""";""Ativo"";""0,00"";""0,00"";""	1"";""LUISA BRENNAND BARBOSA CHIAPERINI"";"""";""0,00"";""0,00"";""0,000"";""0,000"";""	"";""	"";""0,00"";""0,00"";""0,00"";"""";"""";"""";""0,00"";""Variação"";""Terceiros"";"""";"""";"""";"""";""0,00"";"""";""0"";"""";"""";"""";""0"";"""";""0"";"""";"""";""0"";""NÃO"";""NÃO ESPECIFICADO"";""NÃO"";"""";"""";"""";""Centímetro"";""0,00"";""0,0000"";""0,0000"";""0,0000"";"""";""""
""16301737701"";""3015	"";""Bouquet"";""UN"";""3406.00.00"";""0"";""79,00"";""0,00"";"""";""Ativo"";""0,00"";""0,00"";""	1"";""LUISA BRENNAND BARBOSA CHIAPERINI"";"""";""0,00"";""0,00"";""0,000"";""0,000"";""	"";""	"";""0,00"";""0,00"";""0,00"";"""";"""";"""";""0,00"";""Variação"";""Terceiros"";"""";"""";"""";"""";""0,00"";"""";""0"";"""";"""";"""";""0"";"""";""0"";"""";"""";""0"";""NÃO"";""NÃO ESPECIFICADO"";""NÃO"";"""";"""";"""";""Centímetro"";""0,00"";""0,0000"";""0,0000"";""0,0000"";"""";""""
""16301737700"";""2031/V	"";""VELA CORAÇÃO GRANDE"";""UN"";""3406.00.00"";""0"";""12,00"";""0,00"";"""";""Ativo"";""0,00"";""0,00"";""	1"";""LUISA BRENNAND BARBOSA CHIAPERINI"";"""";""0,00"";""0,00"";""0,000"";""0,000"";""	"";""	"";""0,00"";""0,00"";""0,00"";"""";"""";"""";""0,00"";"""";""Terceiros"";"""";"""";"""";"""";""0,00"";"""";""0"";"""";"""";"""";""0"";"""";""0"";"""";"""";""0"";""NÃO"";""NÃO ESPECIFICADO"";""NÃO"";"""";"""";"""";""Centímetro"";""0,00"";""0,0000"";""0,0000"";""0,0000"";"""";""""
""16301737698"";""2032/V	"";""VELA CORAÇÃO PEQUENO"";""UN"";""3406.00.00"";""0"";""10,00"";""0,00"";"""";""Ativo"";""5,00"";""0,00"";""	1"";""LUISA BRENNAND BARBOSA CHIAPERINI"";"""";""0,00"";""0,00"";""0,000"";""0,000"";""	"";""	"";""0,00"";""0,00"";""0,00"";"""";"""";"""";""0,00"";"""";""Terceiros"";"""";"""";"""";"""";""0,00"";"""";""0"";"""";"""";"""";""0"";"""";""0"";"""";"""";""0"";""NÃO"";""NÃO ESPECIFICADO"";""NÃO"";"""";"""";"""";""Centímetro"";""0,00"";""0,0000"";""0,0000"";""0,0000"";"""";""""
""16301737697"";""0060/D	"";""DIFUSOR YOGI 200ML"";""UN"";""3307.49.00"";""0"";""97,00"";""0,00"";"""";""Ativo"";""6,00"";""0,00"";""	1"";""LUISA BRENNAND BARBOSA CHIAPERINI"";"""";""0,00"";""0,00"";""0,000"";""0,000"";""	"";""	"";""0,00"";""0,00"";""0,00"";"""";"""";"""";""0,00"";"""";""Terceiros"";"""";"""";"""";"""";""0,00"";"""";""0"";"""";"""";"""";""0"";"""";""0"";"""";"""";""0"";""NÃO"";""NÃO ESPECIFICADO"";""NÃO"";"""";"""";"""";""Centímetro"";""0,00"";""0,0000"";""0,0000"";""0,0000"";"""";""""
""16301737696"";""3011	"";""TAMPA PARA DIFUSOR LUXO OURO"";""UN"";""8309.10.00"";""0"";""10,00"";""0,00"";"""";""Ativo"";""6,00"";""0,00"";""	1"";""LUISA BRENNAND BARBOSA CHIAPERINI"";"""";""0,00"";""0,00"";""0,000"";""0,000"";""	"";""	"";""0,00"";""0,00"";""0,00"";"""";"""";"""";""0,00"";""Variação"";""Terceiros"";"""";"""";"""";"""";""0,00"";"""";""0"";"""";"""";"""";""0"";"""";""0"";"""";"""";""0"";""NÃO"";""NÃO ESPECIFICADO"";""NÃO"";"""";"""";"""";""Centímetro"";""0,00"";""0,0000"";""0,0000"";""0,0000"";"""";""""
""16301737695"";""0027/S	"";""SABONETE ELEGANCE"";""UN"";""3406.00.00"";""0"";""78,00"";""0,00"";"""";""Ativo"";""0,00"";""0,00"";""	1"";""LUISA BRENNAND BARBOSA CHIAPERINI"";"""";""0,00"";""0,00"";""0,000"";""0,000"";""	"";""	"";""0,00"";""0,00"";""0,00"";"""";"""";"""";""0,00"";"""";""Terceiros"";"""";"""";"""";"""";""0,00"";"""";""0"";"""";"""";"""";""0"";"""";""0"";"""";"""";""0"";""NÃO"";""NÃO ESPECIFICADO"";""NÃO"";"""";"""";"""";""Centímetro"";""0,00"";""0,0000"";""0,0000"";""0,0000"";"""";""""
""16301737693"";""0046/D	"";""DIFUSOR REDONDO 50ML"";""UN"";""3307.49.00"";""0"";""32,00"";""0,00"";"""";""Ativo"";""0,00"";""0,00"";""	1"";""LUISA BRENNAND BARBOSA CHIAPERINI"";"""";""0,00"";""0,00"";""0,000"";""0,000"";""	"";""	"";""0,00"";""0,00"";""0,00"";"""";"""";"""";""0,00"";"""";""Terceiros"";"""";"""";"""";"""";""0,00"";"""";""0"";"""";"""";"""";""0"";"""";""0"";"""";"""";""0"";""NÃO"";""NÃO ESPECIFICADO"";""NÃO"";"""";"""";"""";""Centímetro"";""0,00"";""0,0000"";""0,0000"";""0,0000"";"""";""""
""16301737692"";""2323/CO	"";""Colônia"";""UN"";""3307.49.00"";""0"";""139,90"";""0,00"";"""";""Ativo"";""0,00"";""0,00"";""	1"";""LUISA BRENNAND BARBOSA CHIAPERINI"";"""";""0,00"";""0,00"";""0,000"";""0,000"";""	"";""	"";""0,00"";""0,00"";""0,00"";"""";"""";"""";""0,00"";""Variação"";""Terceiros"";"""";"""";"""";"""";""0,00"";"""";""0"";"""";"""";"""";""0"";"""";""0"";"""";"""";""0"";""NÃO"";""NÃO ESPECIFICADO"";""NÃO"";"""";"""";"""";""Centímetro"";""0,00"";""0,0000"";""0,0000"";""0,0000"";"""";""""
""16301737691"";""0020/S	"";""SABONETE CUBO 100ML"";""UN"";""3307.49.00"";""0"";""51,00"";""0,00"";"""";""Ativo"";""28,00"";""0,00"";""	1"";""LUISA BRENNAND BARBOSA CHIAPERINI"";"""";""0,00"";""0,00"";""0,000"";""0,000"";""	"";""	"";""0,00"";""0,00"";""0,00"";"""";"""";"""";""0,00"";"""";""Terceiros"";"""";"""";"""";"""";""0,00"";"""";""0"";"""";"""";"""";""0"";"""";""0"";"""";"""";""0"";""NÃO"";""NÃO ESPECIFICADO"";""NÃO"";"""";"""";"""";""Centímetro"";""0,00"";""0,0000"";""0,0000"";""0,0000"";"""";""""
""16301737690"";""0020/D	"";""DIFUSOR CUBO 100ML"";""UN"";""3307.49.00"";""0"";""54,00"";""0,00"";"""";""Ativo"";""26,00"";""0,00"";""	1"";""LUISA BRENNAND BARBOSA CHIAPERINI"";"""";""0,00"";""0,00"";""0,000"";""0,000"";""	"";""	"";""0,00"";""0,00"";""0,00"";"""";"""";"""";""0,00"";"""";""Terceiros"";"""";"""";"""";"""";""0,00"";"""";""0"";"""";"""";"""";""0"";"""";""0"";"""";"""";""0"";""NÃO"";""NÃO ESPECIFICADO"";""NÃO"";"""";"""";"""";""Centímetro"";""0,00"";""0,0000"";""0,0000"";""0,0000"";"""";""""
""16301737688"";""0021/D	"";""DIFUSOR CUBO 50ML"";""UN"";""3307.49.00"";""0"";""35,00"";""0,00"";"""";""Ativo"";""0,00"";""0,00"";""	1"";""LUISA BRENNAND BARBOSA CHIAPERINI"";"""";""0,00"";""0,00"";""0,000"";""0,000"";""	"";""	"";""0,00"";""0,00"";""0,00"";"""";"""";"""";""0,00"";"""";""Terceiros"";"""";"""";"""";"""";""0,00"";"""";""0"";"""";"""";"""";""0"";"""";""0"";"""";"""";""0"";""NÃO"";""NÃO ESPECIFICADO"";""NÃO"";"""";"""";"""";""Centímetro"";""0,00"";""0,0000"";""0,0000"";""0,0000"";"""";""""
""16301737687"";""0009/S	"";""SABONETE BOLHA COLOR 300ML"";""UN"";""3307.49.00"";""0"";""79,00"";""0,00"";"""";""Ativo"";""9,00"";""0,00"";""	1"";""LUISA BRENNAND BARBOSA CHIAPERINI"";"""";""0,00"";""0,00"";""0,000"";""0,000"";""	"";""	"";""0,00"";""0,00"";""0,00"";"""";"""";"""";""0,00"";"""";""Terceiros"";"""";"""";"""";"""";""0,00"";"""";""0"";"""";"""";"""";""0"";"""";""0"";"""";"""";""0"";""NÃO"";""NÃO ESPECIFICADO"";""NÃO"";"""";"""";"""";""Centímetro"";""0,00"";""0,0000"";""0,0000"";""0,0000"";"""";""""
""16301737686"";""0009/D	"";""DIFUSOR BOLHA COLOR 300ML"";""UN"";""3307.49.00"";""0"";""97,00"";""0,00"";"""";""Ativo"";""7,00"";""0,00"";""	1"";""LUISA BRENNAND BARBOSA CHIAPERINI"";"""";""0,00"";""0,00"";""0,000"";""0,000"";""	"";""	"";""0,00"";""0,00"";""0,00"";"""";"""";"""";""0,00"";"""";""Terceiros"";"""";"""";"""";"""";""0,00"";"""";""0"";"""";"""";"""";""0"";"""";""0"";"""";"""";""0"";""NÃO"";""NÃO ESPECIFICADO"";""NÃO"";"""";"""";"""";""Centímetro"";""0,00"";""0,0000"";""0,0000"";""0,0000"";"""";""""
""16301737685"";""0041/S	"";""SABONETE NINA TRANSPARENTE 300ML"";""UN"";""3307.49.00"";""0"";""88,00"";""0,00"";"""";""Ativo"";""33,00"";""0,00"";""	1"";""LUISA BRENNAND BARBOSA CHIAPERINI"";"""";""0,00"";""0,00"";""0,000"";""0,000"";""	"";""	"";""0,00"";""0,00"";""0,00"";"""";"""";"""";""0,00"";"""";""Terceiros"";"""";"""";"""";"""";""0,00"";"""";""0"";"""";"""";"""";""0"";"""";""0"";"""";"""";""0"";""NÃO"";""NÃO ESPECIFICADO"";""NÃO"";"""";"""";"""";""Centímetro"";""0,00"";""0,0000"";""0,0000"";""0,0000"";"""";""""
""16301737683"";""0041/D	"";""DIFUSOR NINA TRANSPARENTE 300ML"";""UN"";""3307.49.00"";""0"";""108,00"";""0,00"";"""";""Ativo"";""40,00"";""0,00"";""	1"";""LUISA BRENNAND BARBOSA CHIAPERINI"";"""";""0,00"";""0,00"";""0,000"";""0,000"";""	"";""	"";""0,00"";""0,00"";""0,00"";"""";"""";"""";""0,00"";"""";""Terceiros"";"""";"""";"""";"""";""0,00"";"""";""0"";"""";"""";"""";""0"";"""";""0"";"""";"""";""0"";""NÃO"";""NÃO ESPECIFICADO"";""NÃO"";"""";"""";"""";""Centímetro"";""0,00"";""0,0000"";""0,0000"";""0,0000"";"""";""""
""16301737682"";""0033/S	"";""SABONETE LAMPE COLORIDO 300ML"";""UN"";""3307.49.00"";""0"";""80,00"";""0,00"";"""";""Ativo"";""9,00"";""0,00"";""	1"";""LUISA BRENNAND BARBOSA CHIAPERINI"";"""";""0,00"";""0,00"";""0,000"";""0,000"";""	"";""	"";""0,00"";""0,00"";""0,00"";"""";"""";"""";""0,00"";"""";""Terceiros"";"""";"""";"""";"""";""0,00"";"""";""0"";"""";"""";"""";""0"";"""";""0"";"""";"""";""0"";""NÃO"";""NÃO ESPECIFICADO"";""NÃO"";"""";"""";"""";""Centímetro"";""0,00"";""0,0000"";""0,0000"";""0,0000"";"""";""""
""16301737681"";""0035/D	"";""DIFUSOR LUA 500ML"";""UN"";""3307.49.00"";""0"";""172,00"";""0,00"";"""";""Ativo"";""19,00"";""0,00"";""	1"";""LUISA BRENNAND BARBOSA CHIAPERINI"";"""";""0,00"";""0,00"";""0,000"";""0,000"";""	"";""	"";""0,00"";""0,00"";""0,00"";"""";"""";"""";""0,00"";"""";""Terceiros"";"""";"""";"""";"""";""0,00"";"""";""0"";"""";"""";"""";""0"";"""";""0"";"""";"""";""0"";""NÃO"";""NÃO ESPECIFICADO"";""NÃO"";"""";"""";"""";""Centímetro"";""0,00"";""0,0000"";""0,0000"";""0,0000"";"""";""""
""16301737680"";""0032/S	"";""SABONETE GARRAFA FLEX 400 ML"";""UN"";""3307.49.00"";""0"";""78,00"";""0,00"";"""";""Ativo"";""0,00"";""0,00"";""	1"";""LUISA BRENNAND BARBOSA CHIAPERINI"";"""";""0,00"";""0,00"";""0,000"";""0,000"";""	"";""	"";""0,00"";""0,00"";""0,00"";"""";"""";"""";""0,00"";"""";""Terceiros"";"""";"""";"""";"""";""0,00"";"""";""0"";"""";"""";"""";""0"";"""";""0"";"""";"""";""0"";""NÃO"";""NÃO ESPECIFICADO"";""NÃO"";"""";"""";"""";""Centímetro"";""0,00"";""0,0000"";""0,0000"";""0,0000"";"""";""""
""16301737679"";""0032/D	"";""DIFUSOR GARRAFA FLEX 400ML"";""UN"";""3307.49.00"";""0"";""88,00"";""0,00"";"""";""Ativo"";""0,00"";""0,00"";""	1"";""LUISA BRENNAND BARBOSA CHIAPERINI"";"""";""0,00"";""0,00"";""0,000"";""0,000"";""	"";""	"";""0,00"";""0,00"";""0,00"";"""";"""";"""";""0,00"";"""";""Terceiros"";"""";"""";"""";"""";""0,00"";"""";""0"";"""";"""";"""";""0"";"""";""0"";"""";"""";""0"";""NÃO"";""NÃO ESPECIFICADO"";""NÃO"";"""";"""";"""";""Centímetro"";""0,00"";""0,0000"";""0,0000"";""0,0000"";"""";""""
""16301737622"";""0061/D	"";""MINI DIFUSOR 30 ML"";""UN"";""3307.49.00"";""0"";""28,00"";""0,00"";"""";""Ativo"";""29,00"";""0,00"";""	1"";""LUISA BRENNAND BARBOSA CHIAPERINI"";"""";""0,00"";""0,00"";""0,000"";""0,000"";""	"";""	"";""0,00"";""0,00"";""0,00"";"""";"""";"""";""0,00"";"""";""Terceiros"";"""";"""";"""";"""";""0,00"";"""";""0"";"""";"""";"""";""0"";"""";""0"";"""";"""";""0"";""NÃO"";""NÃO ESPECIFICADO"";""NÃO"";"""";"""";"""";""Centímetro"";""0,00"";""0,0000"";""0,0000"";""0,0000"";"""";""""
""16301737620"";""0823/VI	"";""VIDRO CUBO ENTALHADO 50ML"";""UN"";""3307.30.00"";""0"";""30,00"";""0,00"";"""";""Ativo"";""0,00"";""0,00"";""	1"";""LUISA BRENNAND BARBOSA CHIAPERINI"";"""";""0,00"";""0,00"";""0,000"";""0,000"";""	"";""	"";""0,00"";""0,00"";""0,00"";"""";"""";"""";""0,00"";""Variação"";""Terceiros"";"""";"""";"""";"""";""0,00"";"""";""0"";"""";"""";"""";""0"";"""";""0"";"""";"""";""0"";""NÃO"";""NÃO ESPECIFICADO"";""NÃO"";"""";"""";"""";""Centímetro"";""0,00"";""0,0000"";""0,0000"";""0,0000"";"""";""""
""16301737619"";""0822/VI	"";""VIDRO ROLHA 50ML"";""UN"";""3307.30.00"";""0"";""30,00"";""0,00"";"""";""Ativo"";""0,00"";""0,00"";""	1"";""LUISA BRENNAND BARBOSA CHIAPERINI"";"""";""0,00"";""0,00"";""0,000"";""0,000"";""	"";""	"";""0,00"";""0,00"";""0,00"";"""";"""";"""";""0,00"";""Variação"";""Terceiros"";"""";"""";"""";"""";""0,00"";"""";""0"";"""";"""";"""";""0"";"""";""0"";"""";"""";""0"";""NÃO"";""NÃO ESPECIFICADO"";""NÃO"";"""";"""";"""";""Centímetro"";""0,00"";""0,0000"";""0,0000"";""0,0000"";"""";""""
""16301737618"";""0821/VI	"";""VIDRO CUBO 50ML"";""UN"";""3307.30.00"";""0"";""30,00"";""0,00"";"""";""Ativo"";""0,00"";""0,00"";""	1"";""LUISA BRENNAND BARBOSA CHIAPERINI"";"""";""0,00"";""0,00"";""0,000"";""0,000"";""	"";""	"";""0,00"";""0,00"";""0,00"";"""";"""";"""";""0,00"";""Variação"";""Terceiros"";"""";"""";"""";"""";""0,00"";"""";""0"";"""";"""";"""";""0"";"""";""0"";"""";"""";""0"";""NÃO"";""NÃO ESPECIFICADO"";""NÃO"";"""";"""";"""";""Centímetro"";""0,00"";""0,0000"";""0,0000"";""0,0000"";"""";""""
""16301737617"";""0820/VI	"";""VIDRO CINDY 50ML"";""UN"";""3307.30.00"";""0"";""30,00"";""0,00"";"""";""Ativo"";""0,00"";""0,00"";""	1"";""LUISA BRENNAND BARBOSA CHIAPERINI"";"""";""0,00"";""0,00"";""0,000"";""0,000"";""	"";""	"";""0,00"";""0,00"";""0,00"";"""";"""";"""";""0,00"";""Variação"";""Terceiros"";"""";"""";"""";"""";""0,00"";"""";""0"";"""";"""";"""";""0"";"""";""0"";"""";"""";""0"";""NÃO"";""NÃO ESPECIFICADO"";""NÃO"";"""";"""";"""";""Centímetro"";""0,00"";""0,0000"";""0,0000"";""0,0000"";"""";""""
""16301737615"";""0010/S	"";""SABONETE BOLHA TRANSPARENTE 300ML"";""UN"";""3307.49.00"";""0"";""78,00"";""0,00"";"""";""Ativo"";""1,00"";""0,00"";""	1"";""LUISA BRENNAND BARBOSA CHIAPERINI"";"""";""0,00"";""0,00"";""0,000"";""0,000"";""	"";""	"";""0,00"";""0,00"";""0,00"";"""";"""";"""";""0,00"";"""";""Terceiros"";"""";"""";"""";"""";""0,00"";"""";""0"";"""";"""";"""";""0"";"""";""0"";"""";"""";""0"";""NÃO"";""NÃO ESPECIFICADO"";""NÃO"";"""";"""";"""";""Centímetro"";""0,00"";""0,0000"";""0,0000"";""0,0000"";"""";""""
""16301737614"";""0010/D	"";""DIFUSOR BOLHA TRANSPARENTE 300ML"";""UN"";""3307.49.00"";""0"";""85,00"";""0,00"";"""";""Ativo"";""1,00"";""0,00"";""	1"";""LUISA BRENNAND BARBOSA CHIAPERINI"";"""";""0,00"";""0,00"";""0,000"";""0,000"";""	"";""	"";""0,00"";""0,00"";""0,00"";"""";"""";"""";""0,00"";"""";""Terceiros"";"""";"""";"""";"""";""0,00"";"""";""0"";"""";"""";"""";""0"";"""";""0"";"""";"""";""0"";""NÃO"";""NÃO ESPECIFICADO"";""NÃO"";"""";"""";"""";""Centímetro"";""0,00"";""0,0000"";""0,0000"";""0,0000"";"""";""""
""16301737613"";""050312/CF	"";""CAIXA FLANELA + CHEIRO P/ CARRO"";""UN"";""3307.49.00"";""0"";""39,00"";""0,00"";"""";""Ativo"";""0,00"";""0,00"";""	1"";""LUISA BRENNAND BARBOSA CHIAPERINI"";"""";""0,00"";""0,00"";""0,000"";""0,000"";""	"";""	"";""0,00"";""0,00"";""0,00"";"""";"""";"""";""0,00"";"""";""Terceiros"";"""";"""";"""";"""";""0,00"";"""";""0"";"""";"""";"""";""0"";"""";""0"";"""";"""";""0"";""NÃO"";""NÃO ESPECIFICADO"";""NÃO"";"""";"""";"""";""Centímetro"";""0,00"";""0,0000"";""0,0000"";""0,0000"";"""";""""
""16301737612"";""0503/AP	"";""AGUA PERFUMADA PARA ROUPAS E TECIDOS 500ML"";""UN"";""3809.91.90"";""0"";""65,00"";""0,00"";"""";""Ativo"";""15,00"";""0,00"";""	1"";""LUISA BRENNAND BARBOSA CHIAPERINI"";"""";""0,00"";""0,00"";""0,000"";""0,000"";""	"";""	"";""0,00"";""0,00"";""0,00"";"""";"""";"""";""0,00"";""Variação"";""Terceiros"";"""";"""";"""";"""";""0,00"";"""";""0"";"""";"""";"""";""0"";"""";""0"";"""";"""";""0"";""NÃO"";""NÃO ESPECIFICADO"";""NÃO"";"""";"""";"""";""Centímetro"";""0,00"";""0,0000"";""0,0000"";""0,0000"";"""";""""
""16301737610"";""0068/D	"";""REFILL PARA CARRO 30ML"";""UN"";""3307.49.00"";""0"";""27,00"";""0,00"";"""";""Ativo"";""14,00"";""0,00"";""	1"";""LUISA BRENNAND BARBOSA CHIAPERINI"";"""";""0,00"";""0,00"";""0,000"";""0,000"";""	"";""	"";""0,00"";""0,00"";""0,00"";"""";"""";"""";""0,00"";"""";""Terceiros"";"""";"""";"""";"""";""0,00"";"""";""0"";"""";"""";"""";""0"";"""";""0"";"""";"""";""0"";""NÃO"";""NÃO ESPECIFICADO"";""NÃO"";"""";"""";"""";""Centímetro"";""0,00"";""0,0000"";""0,0000"";""0,0000"";"""";""""
""16301737609"";""0458/V	"";""VARETA PRETA"";""UN"";""4421.99.00"";""0"";""10,00"";""0,00"";"""";""Ativo"";""17,00"";""0,00"";""	1"";""LUISA BRENNAND BARBOSA CHIAPERINI"";"""";""0,00"";""0,00"";""0,000"";""0,000"";""	"";""	"";""0,00"";""0,00"";""0,00"";"""";"""";"""";""0,00"";""Variação"";""Terceiros"";"""";"""";"""";"""";""0,00"";"""";""0"";"""";"""";"""";""0"";"""";""0"";"""";"""";""0"";""NÃO"";""NÃO ESPECIFICADO"";""NÃO"";"""";"""";"""";""Centímetro"";""0,00"";""0,0000"";""0,0000"";""0,0000"";"""";""""
""16301737608"";""0457/V	"";""VARETA ORQUIDEA"";""UN"";""4421.99.00"";""0"";""5,00"";""0,00"";"""";""Ativo"";""0,00"";""0,00"";""	1"";""LUISA BRENNAND BARBOSA CHIAPERINI"";"""";""0,00"";""0,00"";""0,000"";""0,000"";""	"";""	"";""0,00"";""0,00"";""0,00"";"""";"""";"""";""0,00"";""Variação"";""Terceiros"";"""";"""";"""";"""";""0,00"";"""";""0"";"""";"""";"""";""0"";"""";""0"";"""";"""";""0"";""NÃO"";""NÃO ESPECIFICADO"";""NÃO"";"""";"""";"""";""Centímetro"";""0,00"";""0,0000"";""0,0000"";""0,0000"";"""";""""
""16301737607"";""0002/D	"";""DIFUSOR BAILARINA 50ML"";""UN"";""3307.49.00"";""0"";""39,00"";""0,00"";"""";""Ativo"";""0,00"";""0,00"";""	1"";""LUISA BRENNAND BARBOSA CHIAPERINI"";"""";""0,00"";""0,00"";""0,000"";""0,000"";""	"";""	"";""0,00"";""0,00"";""0,00"";"""";"""";"""";""0,00"";"""";""Terceiros"";"""";"""";"""";"""";""0,00"";"""";""0"";"""";"""";"""";""0"";"""";""0"";"""";"""";""0"";""NÃO"";""NÃO ESPECIFICADO"";""NÃO"";"""";"""";"""";""Centímetro"";""0,00"";""0,0000"";""0,0000"";""0,0000"";"""";""""
""16301737605"";""044/V	"";""VARETA FLOR M"";""UN"";""4421.99.00"";""0"";""5,00"";""0,00"";"""";""Ativo"";""0,00"";""0,00"";""	1"";""LUISA BRENNAND BARBOSA CHIAPERINI"";"""";""0,00"";""0,00"";""0,000"";""0,000"";""	"";""	"";""0,00"";""0,00"";""0,00"";"""";"""";"""";""0,00"";""Variação"";""Terceiros"";"""";"""";"""";"""";""0,00"";"""";""0"";"""";"""";"""";""0"";"""";""0"";"""";"""";""0"";""NÃO"";""NÃO ESPECIFICADO"";""NÃO"";"""";"""";"""";""Centímetro"";""0,00"";""0,0000"";""0,0000"";""0,0000"";"""";""""
""16301737604"";""043/HM	"";""HOME SPRAY 100ML"";""UN"";""3307.49.00"";""0"";""28,00"";""0,00"";"""";""Ativo"";""179,00"";""0,00"";""	1"";""LUISA BRENNAND BARBOSA CHIAPERINI"";"""";""0,00"";""0,00"";""0,000"";""0,000"";""	"";""	"";""0,00"";""0,00"";""0,00"";"""";"""";"""";""0,00"";""Variação"";""Terceiros"";"""";"""";"""";"""";""0,00"";"""";""0"";"""";"""";"""";""0"";"""";""0"";"""";"""";""0"";""NÃO"";""NÃO ESPECIFICADO"";""NÃO"";"""";"""";"""";""Centímetro"";""0,00"";""0,0000"";""0,0000"";""0,0000"";"""";""""
""16301737603"";""0007/S	"";""SABONETE BICO DE JACA TRANSPARENTE 300ML"";""UN"";""3307.49.00"";""0"";""80,00"";""0,00"";"""";""Ativo"";""8,00"";""0,00"";""	1"";""LUISA BRENNAND BARBOSA CHIAPERINI"";"""";""0,00"";""0,00"";""0,000"";""0,000"";""	"";""	"";""0,00"";""0,00"";""0,00"";"""";"""";"""";""0,00"";"""";""Terceiros"";"""";"""";"""";"""";""0,00"";"""";""0"";"""";"""";"""";""0"";"""";""0"";"""";"""";""0"";""NÃO"";""NÃO ESPECIFICADO"";""NÃO"";"""";"""";"""";""Centímetro"";""0,00"";""0,0000"";""0,0000"";""0,0000"";"""";""""
""16301737602"";""0007/D	"";""DIFUSOR BICO DE JACA TRANSPARENTE 300ML"";""UN"";""3307.49.00"";""0"";""92,00"";""0,00"";"""";""Ativo"";""7,00"";""0,00"";""	1"";""LUISA BRENNAND BARBOSA CHIAPERINI"";"""";""0,00"";""0,00"";""0,000"";""0,000"";""	"";""	"";""0,00"";""0,00"";""0,00"";"""";"""";"""";""0,00"";"""";""Terceiros"";"""";"""";"""";"""";""0,00"";"""";""0"";"""";"""";"""";""0"";"""";""0"";"""";"""";""0"";""NÃO"";""NÃO ESPECIFICADO"";""NÃO"";"""";"""";"""";""Centímetro"";""0,00"";""0,0000"";""0,0000"";""0,0000"";"""";""""
""16301737600"";""042/SV	"";""SPRAY VIDRO LAVANDA"";""UN"";""3307.49.00"";""0"";""45,00"";""0,00"";"""";""Ativo"";""37,00"";""0,00"";""	1"";""LUISA BRENNAND BARBOSA CHIAPERINI"";"""";""0,00"";""0,00"";""0,000"";""0,000"";""	"";""	"";""0,00"";""0,00"";""0,00"";"""";"""";"""";""0,00"";"""";""Terceiros"";"""";"""";"""";"""";""0,00"";"""";""0"";"""";"""";"""";""0"";"""";""0"";"""";"""";""0"";""NÃO"";""NÃO ESPECIFICADO"";""NÃO"";"""";"""";"""";""Centímetro"";""0,00"";""0,0000"";""0,0000"";""0,0000"";"""";""""
""16301737599"";""0006/S	"";""SABONETE BICO DE JACA QUADRADO 100ML"";""UN"";""3307.49.00"";""0"";""49,00"";""0,00"";"""";""Ativo"";""23,00"";""0,00"";""	1"";""LUISA BRENNAND BARBOSA CHIAPERINI"";"""";""0,00"";""0,00"";""0,000"";""0,000"";""	"";""	"";""0,00"";""0,00"";""0,00"";"""";"""";"""";""0,00"";"""";""Terceiros"";"""";"""";"""";"""";""0,00"";"""";""0"";"""";"""";"""";""0"";"""";""0"";"""";"""";""0"";""NÃO"";""NÃO ESPECIFICADO"";""NÃO"";"""";"""";"""";""Centímetro"";""0,00"";""0,0000"";""0,0000"";""0,0000"";"""";""""
""16301737598"";""0006/D	"";""DIFUSOR BICO DE JACA QUADRADO 100ML"";""UN"";""3307.49.00"";""0"";""52,00"";""0,00"";"""";""Ativo"";""25,00"";""0,00"";""	1"";""LUISA BRENNAND BARBOSA CHIAPERINI"";"""";""0,00"";""0,00"";""0,000"";""0,000"";""	"";""	"";""0,00"";""0,00"";""0,00"";"""";"""";"""";""0,00"";"""";""Terceiros"";"""";"""";"""";"""";""0,00"";"""";""0"";"""";"""";"""";""0"";"""";""0"";"""";"""";""0"";""NÃO"";""NÃO ESPECIFICADO"";""NÃO"";"""";"""";"""";""Centímetro"";""0,00"";""0,0000"";""0,0000"";""0,0000"";"""";""""
""16301737597"";""0345/V	"";""VARETA FLOR P"";""UN"";""4421.99.00"";""0"";""5,00"";""0,00"";"""";""Ativo"";""215,00"";""0,00"";""	1"";""LUISA BRENNAND BARBOSA CHIAPERINI"";"""";""0,00"";""0,00"";""0,000"";""0,000"";""	"";""	"";""0,00"";""0,00"";""0,00"";"""";"""";"""";""0,00"";""Variação"";""Terceiros"";"""";"""";"""";"""";""0,00"";"""";""0"";"""";"""";"""";""0"";"""";""0"";"""";"""";""0"";""NÃO"";""NÃO ESPECIFICADO"";""NÃO"";"""";"""";"""";""Centímetro"";""0,00"";""0,0000"";""0,0000"";""0,0000"";"""";""""
""16301737595"";""0345/H	"";""Home Spray Bico de Jaca 100ml"";""UN"";""3307.49.00"";""0"";""55,00"";""0,00"";"""";""Ativo"";""0,00"";""0,00"";""	1"";""LUISA BRENNAND BARBOSA CHIAPERINI"";"""";""0,00"";""0,00"";""0,000"";""0,000"";""	"";""	"";""0,00"";""0,00"";""0,00"";"""";"""";"""";""0,00"";""Variação"";""Terceiros"";"""";"""";"""";"""";""0,00"";"""";""0"";"""";"""";"""";""0"";"""";""0"";"""";"""";""0"";""NÃO"";""NÃO ESPECIFICADO"";""NÃO"";"""";"""";"""";""Centímetro"";""0,00"";""0,0000"";""0,0000"";""0,0000"";"""";""""
""16301737594"";""03096/V	"";""VALVULA SABONETE"";""UN"";""8481.80.91"";""0"";""15,00"";""0,00"";"""";""Ativo"";""6,00"";""0,00"";""	1"";""LUISA BRENNAND BARBOSA CHIAPERINI"";"""";""0,00"";""0,00"";""0,000"";""0,000"";""	"";""	"";""0,00"";""0,00"";""0,00"";"""";"""";"""";""0,00"";"""";""Terceiros"";"""";"""";"""";"""";""0,00"";"""";""0"";"""";"""";"""";""0"";"""";""0"";"""";"""";""0"";""NÃO"";""NÃO ESPECIFICADO"";""NÃO"";"""";"""";"""";""Centímetro"";""0,00"";""0,0000"";""0,0000"";""0,0000"";"""";""""
""16301737593"";""0003/D	"";""DIFUSOR BALAOZINHO"";""UN"";""3307.49.00"";""0"";""55,00"";""0,00"";"""";""Ativo"";""0,00"";""0,00"";""	1"";""LUISA BRENNAND BARBOSA CHIAPERINI"";"""";""0,00"";""0,00"";""0,000"";""0,000"";""	"";""	"";""0,00"";""0,00"";""0,00"";"""";"""";"""";""0,00"";"""";""Terceiros"";"""";"""";"""";"""";""0,00"";"""";""0"";"""";"""";"""";""0"";"""";""0"";"""";"""";""0"";""NÃO"";""NÃO ESPECIFICADO"";""NÃO"";"""";"""";"""";""Centímetro"";""0,00"";""0,0000"";""0,0000"";""0,0000"";"""";""""
""16301737592"";""02456/SA	"";""VIDRO CAROSSEL SAIS DE  BANHO"";""UN"";""3307.30.00"";""0"";""31,00"";""0,00"";"""";""Ativo"";""0,00"";""0,00"";""	1"";""LUISA BRENNAND BARBOSA CHIAPERINI"";"""";""0,00"";""0,00"";""0,000"";""0,000"";""	"";""	"";""0,00"";""0,00"";""0,00"";"""";"""";"""";""0,00"";""Variação"";""Terceiros"";"""";"""";"""";"""";""0,00"";"""";""0"";"""";"""";"""";""0"";"""";""0"";"""";"""";""0"";""NÃO"";""NÃO ESPECIFICADO"";""NÃO"";"""";"""";"""";""Centímetro"";""0,00"";""0,0000"";""0,0000"";""0,0000"";"""";""""
""16301737590"";""0036/S	"";""SABONETE MADRI 250ML"";""UN"";""3307.49.00"";""0"";""73,00"";""0,00"";"""";""Ativo"";""18,00"";""0,00"";""	1"";""LUISA BRENNAND BARBOSA CHIAPERINI"";"""";""0,00"";""0,00"";""0,000"";""0,000"";""	"";""	"";""0,00"";""0,00"";""0,00"";"""";"""";"""";""0,00"";"""";""Terceiros"";"""";"""";"""";"""";""0,00"";"""";""0"";"""";"""";"""";""0"";"""";""0"";"""";"""";""0"";""NÃO"";""NÃO ESPECIFICADO"";""NÃO"";"""";"""";"""";""Centímetro"";""0,00"";""0,0000"";""0,0000"";""0,0000"";"""";""""
""16301737588"";""0036/D	"";""DIFUSOR MADRI 250ML"";""UN"";""3307.49.00"";""0"";""84,00"";""0,00"";"""";""Ativo"";""16,00"";""0,00"";""	1"";""LUISA BRENNAND BARBOSA CHIAPERINI"";"""";""0,00"";""0,00"";""0,000"";""0,000"";""	"";""	"";""0,00"";""0,00"";""0,00"";"""";"""";"""";""0,00"";"""";""Terceiros"";"""";"""";"""";"""";""0,00"";"""";""0"";"""";"""";"""";""0"";"""";""0"";"""";"""";""0"";""NÃO"";""NÃO ESPECIFICADO"";""NÃO"";"""";"""";"""";""Centímetro"";""0,00"";""0,0000"";""0,0000"";""0,0000"";"""";""""
""16301737587"";""0064/S	"";""REFILL 500ML SABONETE TRANSPARENTE"";""UN"";""3307.49.00"";""0"";""45,00"";""0,00"";"""";""Ativo"";""44,00"";""0,00"";""	1"";""LUISA BRENNAND BARBOSA CHIAPERINI"";"""";""0,00"";""0,00"";""0,000"";""0,000"";""	"";""	"";""0,00"";""0,00"";""0,00"";"""";"""";"""";""0,00"";"""";""Terceiros"";"""";"""";"""";"""";""0,00"";"""";""0"";"""";"""";"""";""0"";"""";""0"";"""";"""";""0"";""NÃO"";""NÃO ESPECIFICADO"";""NÃO"";"""";"""";"""";""Centímetro"";""0,00"";""0,0000"";""0,0000"";""0,0000"";"""";""""
""16301737586"";""0065/S	"";""REFILL  500ML SABONETE DOURADO"";""UN"";""3307.49.00"";""0"";""45,00"";""0,00"";"""";""Ativo"";""0,00"";""0,00"";""	1"";""LUISA BRENNAND BARBOSA CHIAPERINI"";"""";""0,00"";""0,00"";""0,000"";""0,000"";""	"";""	"";""0,00"";""0,00"";""0,00"";"""";"""";"""";""0,00"";"""";""Terceiros"";"""";"""";"""";"""";""0,00"";"""";""0"";"""";"""";"""";""0"";"""";""0"";"""";"""";""0"";""NÃO"";""NÃO ESPECIFICADO"";""NÃO"";"""";"""";"""";""Centímetro"";""0,00"";""0,0000"";""0,0000"";""0,0000"";"""";""""
""16301737584"";""0064/D	"";""REFIL 500ML DIFUSOR"";""UN"";""3307.49.00"";""0"";""76,00"";""0,00"";"""";""Ativo"";""193,00"";""0,00"";""	1"";""LUISA BRENNAND BARBOSA CHIAPERINI"";"""";""0,00"";""0,00"";""0,000"";""0,000"";""	"";""	"";""0,00"";""0,00"";""0,00"";"""";"""";"""";""0,00"";"""";""Terceiros"";"""";"""";"""";"""";""0,00"";"""";""0"";"""";"""";"""";""0"";"""";""0"";"""";"""";""0"";""NÃO"";""NÃO ESPECIFICADO"";""NÃO"";"""";"""";"""";""Centímetro"";""0,00"";""0,0000"";""0,0000"";""0,0000"";"""";""""
""16301737583"";""02390/A	"";""ANJO GESSO"";""UN"";""3307.49.00"";""0"";""27,00"";""0,00"";"""";""Ativo"";""46,00"";""0,00"";""	1"";""LUISA BRENNAND BARBOSA CHIAPERINI"";"""";""0,00"";""0,00"";""0,000"";""0,000"";""	"";""	"";""0,00"";""0,00"";""0,00"";"""";"""";"""";""0,00"";"""";""Terceiros"";"""";"""";"""";"""";""0,00"";"""";""0"";"""";"""";"""";""0"";"""";""0"";"""";"""";""0"";""NÃO"";""NÃO ESPECIFICADO"";""NÃO"";"""";"""";"""";""Centímetro"";""0,00"";""0,0000"";""0,0000"";""0,0000"";"""";""""
""16301737582"";""02382/P	"";""Àgua perfumada para roupas 500ml"";""UN"";""3307.49.00"";""0"";""63,00"";""0,00"";"""";""Ativo"";""1,00"";""0,00"";""	1"";""LUISA BRENNAND BARBOSA CHIAPERINI"";"""";""0,00"";""0,00"";""0,000"";""0,000"";""	"";""	"";""0,00"";""0,00"";""0,00"";"""";"""";"""";""0,00"";""Variação"";""Terceiros"";"""";"""";"""";"""";""0,00"";"""";""0"";"""";"""";"""";""0"";"""";""0"";"""";"""";""0"";""NÃO"";""NÃO ESPECIFICADO"";""NÃO"";"""";"""";"""";""Centímetro"";""0,00"";""0,0000"";""0,0000"";""0,0000"";"""";""""
""16301737581"";""0031/S	"";""SABONETE ESPIRAL TRANSPARENTE"";""UN"";""3307.49.00"";""0"";""75,00"";""0,00"";"""";""Ativo"";""0,00"";""0,00"";""	1"";""LUISA BRENNAND BARBOSA CHIAPERINI"";"""";""0,00"";""0,00"";""0,000"";""0,000"";""	"";""	"";""0,00"";""0,00"";""0,00"";"""";"""";"""";""0,00"";"""";""Terceiros"";"""";"""";"""";"""";""0,00"";"""";""0"";"""";"""";"""";""0"";"""";""0"";"""";"""";""0"";""NÃO"";""NÃO ESPECIFICADO"";""NÃO"";"""";"""";"""";""Centímetro"";""0,00"";""0,0000"";""0,0000"";""0,0000"";"""";""""
""16301737579"";""0031/D	"";""DIFUSOR ESPIRAL TRANSPARENTE"";""UN"";""3307.49.00"";""0"";""82,00"";""0,00"";"""";""Ativo"";""0,00"";""0,00"";""	1"";""LUISA BRENNAND BARBOSA CHIAPERINI"";"""";""0,00"";""0,00"";""0,000"";""0,000"";""	"";""	"";""0,00"";""0,00"";""0,00"";"""";"""";"""";""0,00"";"""";""Terceiros"";"""";"""";"""";"""";""0,00"";"""";""0"";"""";"""";"""";""0"";"""";""0"";"""";"""";""0"";""NÃO"";""NÃO ESPECIFICADO"";""NÃO"";"""";"""";"""";""Centímetro"";""0,00"";""0,0000"";""0,0000"";""0,0000"";"""";""""
""16301737578"";""0030/S	"";""SABONETE ESPIRAL COLORIDO 250ML"";""UN"";""3307.49.00"";""0"";""77,00"";""0,00"";"""";""Ativo"";""2,00"";""0,00"";""	1"";""LUISA BRENNAND BARBOSA CHIAPERINI"";"""";""0,00"";""0,00"";""0,000"";""0,000"";""	"";""	"";""0,00"";""0,00"";""0,00"";"""";"""";"""";""0,00"";"""";""Terceiros"";"""";"""";"""";"""";""0,00"";"""";""0"";"""";"""";"""";""0"";"""";""0"";"""";"""";""0"";""NÃO"";""NÃO ESPECIFICADO"";""NÃO"";"""";"""";"""";""Centímetro"";""0,00"";""0,0000"";""0,0000"";""0,0000"";"""";""""
""16301737577"";""0030/D	"";""DIFUSOR ESPIRAL COLORIDO 250ML"";""UN"";""3307.49.00"";""0"";""90,00"";""0,00"";"""";""Ativo"";""4,00"";""0,00"";""	1"";""LUISA BRENNAND BARBOSA CHIAPERINI"";"""";""0,00"";""0,00"";""0,000"";""0,000"";""	"";""	"";""0,00"";""0,00"";""0,00"";"""";"""";"""";""0,00"";"""";""Terceiros"";"""";"""";"""";"""";""0,00"";"""";""0"";"""";"""";"""";""0"";"""";""0"";"""";"""";""0"";""NÃO"";""NÃO ESPECIFICADO"";""NÃO"";"""";"""";"""";""Centímetro"";""0,00"";""0,0000"";""0,0000"";""0,0000"";"""";""""
""16301737576"";""0039/S	"";""SABONETE NAPOLE"";""UN"";""3307.49.00"";""0"";""68,00"";""0,00"";"""";""Ativo"";""0,00"";""0,00"";""	1"";""LUISA BRENNAND BARBOSA CHIAPERINI"";"""";""0,00"";""0,00"";""0,000"";""0,000"";""	"";""	"";""0,00"";""0,00"";""0,00"";"""";"""";"""";""0,00"";"""";""Terceiros"";"""";"""";"""";"""";""0,00"";"""";""0"";"""";"""";"""";""0"";"""";""0"";"""";"""";""0"";""NÃO"";""NÃO ESPECIFICADO"";""NÃO"";"""";"""";"""";""Centímetro"";""0,00"";""0,0000"";""0,0000"";""0,0000"";"""";""""
""16301737574"";""0039/D	"";""DIFUSOR NAPOLE"";""UN"";""3307.49.00"";""0"";""85,00"";""0,00"";"""";""Ativo"";""0,00"";""0,00"";""	1"";""LUISA BRENNAND BARBOSA CHIAPERINI"";"""";""0,00"";""0,00"";""0,000"";""0,000"";""	"";""	"";""0,00"";""0,00"";""0,00"";"""";"""";"""";""0,00"";"""";""Terceiros"";"""";"""";"""";"""";""0,00"";"""";""0"";"""";"""";"""";""0"";"""";""0"";"""";"""";""0"";""NÃO"";""NÃO ESPECIFICADO"";""NÃO"";"""";"""";"""";""Centímetro"";""0,00"";""0,0000"";""0,0000"";""0,0000"";"""";""""
""16301737573"";""0049/S	"";""SABONETE SAFIRA"";""UN"";""3307.49.00"";""0"";""76,00"";""0,00"";"""";""Ativo"";""3,00"";""0,00"";""	1"";""LUISA BRENNAND BARBOSA CHIAPERINI"";"""";""0,00"";""0,00"";""0,000"";""0,000"";""	"";""	"";""0,00"";""0,00"";""0,00"";"""";"""";"""";""0,00"";"""";""Terceiros"";"""";"""";"""";"""";""0,00"";"""";""0"";"""";"""";"""";""0"";"""";""0"";"""";"""";""0"";""NÃO"";""NÃO ESPECIFICADO"";""NÃO"";"""";"""";"""";""Centímetro"";""0,00"";""0,0000"";""0,0000"";""0,0000"";"""";""""
""16301737572"";""0049/D	"";""DIFUSOR SAFIRA"";""UN"";""3307.49.00"";""0"";""85,00"";""0,00"";"""";""Ativo"";""3,00"";""0,00"";""	1"";""LUISA BRENNAND BARBOSA CHIAPERINI"";"""";""0,00"";""0,00"";""0,000"";""0,000"";""	"";""	"";""0,00"";""0,00"";""0,00"";"""";"""";"""";""0,00"";"""";""Terceiros"";"""";"""";"""";"""";""0,00"";"""";""0"";"""";"""";"""";""0"";"""";""0"";"""";"""";""0"";""NÃO"";""NÃO ESPECIFICADO"";""NÃO"";"""";"""";"""";""Centímetro"";""0,00"";""0,0000"";""0,0000"";""0,0000"";"""";""""
""16301737571"";""0051/S	"";""SABONETE SQUARE TRANSPARENTE"";""UN"";""3307.49.00"";""0"";""72,00"";""0,00"";"""";""Ativo"";""21,00"";""0,00"";""	1"";""LUISA BRENNAND BARBOSA CHIAPERINI"";"""";""0,00"";""0,00"";""0,000"";""0,000"";""	"";""	"";""0,00"";""0,00"";""0,00"";"""";"""";"""";""0,00"";"""";""Terceiros"";"""";"""";"""";"""";""0,00"";"""";""0"";"""";"""";"""";""0"";"""";""0"";"""";"""";""0"";""NÃO"";""NÃO ESPECIFICADO"";""NÃO"";"""";"""";"""";""Centímetro"";""0,00"";""0,0000"";""0,0000"";""0,0000"";"""";""""
""16301737569"";""0051/D	"";""DIFUSOR SQUARE TRANSPARENTE"";""UN"";""3307.49.00"";""0"";""82,00"";""0,00"";"""";""Ativo"";""8,00"";""0,00"";""	1"";""LUISA BRENNAND BARBOSA CHIAPERINI"";"""";""0,00"";""0,00"";""0,000"";""0,000"";""	"";""	"";""0,00"";""0,00"";""0,00"";"""";"""";"""";""0,00"";"""";""Terceiros"";"""";"""";"""";"""";""0,00"";"""";""0"";"""";"""";"""";""0"";"""";""0"";"""";"""";""0"";""NÃO"";""NÃO ESPECIFICADO"";""NÃO"";"""";"""";"""";""Centímetro"";""0,00"";""0,0000"";""0,0000"";""0,0000"";"""";""""
""16301737568"";""0050/S	"";""SABONETE SQUARE COLORIDO"";""UN"";""3307.49.00"";""0"";""69,00"";""0,00"";"""";""Ativo"";""0,00"";""0,00"";""	1"";""LUISA BRENNAND BARBOSA CHIAPERINI"";"""";""0,00"";""0,00"";""0,000"";""0,000"";""	"";""	"";""0,00"";""0,00"";""0,00"";"""";"""";"""";""0,00"";"""";""Terceiros"";"""";"""";"""";"""";""0,00"";"""";""0"";"""";"""";"""";""0"";"""";""0"";"""";"""";""0"";""NÃO"";""NÃO ESPECIFICADO"";""NÃO"";"""";"""";"""";""Centímetro"";""0,00"";""0,0000"";""0,0000"";""0,0000"";"""";""""
""16301737567"";""0050/D	"";""DIFUSOR SQUARE COLORIDO"";""UN"";""3307.49.00"";""0"";""84,00"";""0,00"";"""";""Ativo"";""0,00"";""0,00"";""	1"";""LUISA BRENNAND BARBOSA CHIAPERINI"";"""";""0,00"";""0,00"";""0,000"";""0,000"";""	"";""	"";""0,00"";""0,00"";""0,00"";"""";"""";"""";""0,00"";"""";""Terceiros"";"""";"""";"""";"""";""0,00"";"""";""0"";"""";"""";"""";""0"";"""";""0"";"""";"""";""0"";""NÃO"";""NÃO ESPECIFICADO"";""NÃO"";"""";"""";"""";""Centímetro"";""0,00"";""0,0000"";""0,0000"";""0,0000"";"""";""""
""16301737565"";""0001/D	"";""DIFUSOR BAILARINA 120ML"";""UN"";""3307.49.00"";""0"";""65,00"";""0,00"";"""";""Ativo"";""0,00"";""0,00"";""	1"";""LUISA BRENNAND BARBOSA CHIAPERINI"";"""";""0,00"";""0,00"";""0,000"";""0,000"";""	"";""	"";""0,00"";""0,00"";""0,00"";"""";"""";"""";""0,00"";"""";""Terceiros"";"""";"""";"""";"""";""0,00"";"""";""0"";"""";"""";"""";""0"";"""";""0"";"""";"""";""0"";""NÃO"";""NÃO ESPECIFICADO"";""NÃO"";"""";"""";"""";""Centímetro"";""0,00"";""0,0000"";""0,0000"";""0,0000"";"""";""""
""16301737564"";""0045/S	"";""SABONETE PROVENÇAL 400ML"";""UN"";""3307.49.00"";""0"";""96,00"";""0,00"";"""";""Ativo"";""0,00"";""0,00"";""	1"";""LUISA BRENNAND BARBOSA CHIAPERINI"";"""";""0,00"";""0,00"";""0,000"";""0,000"";""	"";""	"";""0,00"";""0,00"";""0,00"";"""";"""";"""";""0,00"";"""";""Terceiros"";"""";"""";"""";"""";""0,00"";"""";""0"";"""";"""";"""";""0"";"""";""0"";"""";"""";""0"";""NÃO"";""NÃO ESPECIFICADO"";""NÃO"";"""";"""";"""";""Centímetro"";""0,00"";""0,0000"";""0,0000"";""0,0000"";"""";""""
""16301737563"";""0045/D	"";""DIFUSOR PROVENÇAL 400ML"";""UN"";""3307.49.00"";""0"";""115,00"";""0,00"";"""";""Ativo"";""0,00"";""0,00"";""	1"";""LUISA BRENNAND BARBOSA CHIAPERINI"";"""";""0,00"";""0,00"";""0,000"";""0,000"";""	"";""	"";""0,00"";""0,00"";""0,00"";"""";"""";"""";""0,00"";"""";""Terceiros"";"""";"""";"""";"""";""0,00"";"""";""0"";"""";"""";"""";""0"";"""";""0"";"""";"""";""0"";""NÃO"";""NÃO ESPECIFICADO"";""NÃO"";"""";"""";"""";""Centímetro"";""0,00"";""0,0000"";""0,0000"";""0,0000"";"""";""""
""16301737561"";""0034/S	"";""SABONETE LAMPE TRANSPARENTE 300ML"";""UN"";""3307.49.00"";""0"";""77,00"";""0,00"";"""";""Ativo"";""1,00"";""0,00"";""	1"";""LUISA BRENNAND BARBOSA CHIAPERINI"";"""";""0,00"";""0,00"";""0,000"";""0,000"";""	"";""	"";""0,00"";""0,00"";""0,00"";"""";"""";"""";""0,00"";"""";""Terceiros"";"""";"""";"""";"""";""0,00"";"""";""0"";"""";"""";"""";""0"";"""";""0"";"""";"""";""0"";""NÃO"";""NÃO ESPECIFICADO"";""NÃO"";"""";"""";"""";""Centímetro"";""0,00"";""0,0000"";""0,0000"";""0,0000"";"""";""""
""16301737560"";""0034/D	"";""DIFUSOR LAMPE TRANSPARENTE 300 ml"";""UN"";""3307.49.00"";""0"";""92,00"";""0,00"";"""";""Ativo"";""0,00"";""0,00"";""	1"";""LUISA BRENNAND BARBOSA CHIAPERINI"";"""";""0,00"";""0,00"";""0,000"";""0,000"";""	"";""	"";""0,00"";""0,00"";""0,00"";"""";"""";"""";""0,00"";"""";""Terceiros"";"""";"""";"""";"""";""0,00"";"""";""0"";"""";"""";"""";""0"";"""";""0"";"""";"""";""0"";""NÃO"";""NÃO ESPECIFICADO"";""NÃO"";"""";"""";"""";""Centímetro"";""0,00"";""0,0000"";""0,0000"";""0,0000"";"""";""""
""16301737558"";""0024/S	"";""SABONETE DIAMANTE 200ML"";""UN"";""3307.49.00"";""0"";""71,00"";""0,00"";"""";""Ativo"";""0,00"";""0,00"";""	1"";""LUISA BRENNAND BARBOSA CHIAPERINI"";"""";""0,00"";""0,00"";""0,000"";""0,000"";""	"";""	"";""0,00"";""0,00"";""0,00"";"""";"""";"""";""0,00"";"""";""Terceiros"";"""";"""";"""";"""";""0,00"";"""";""0"";"""";"""";"""";""0"";"""";""0"";"""";"""";""0"";""NÃO"";""NÃO ESPECIFICADO"";""NÃO"";"""";"""";"""";""Centímetro"";""0,00"";""0,0000"";""0,0000"";""0,0000"";"""";""""
""16301737557"";""0024/D	"";""DIFUSOR DIAMANTE 200ML"";""UN"";""3307.49.00"";""0"";""79,00"";""0,00"";"""";""Ativo"";""0,00"";""0,00"";""	1"";""LUISA BRENNAND BARBOSA CHIAPERINI"";"""";""0,00"";""0,00"";""0,000"";""0,000"";""	"";""	"";""0,00"";""0,00"";""0,00"";"""";"""";"""";""0,00"";"""";""Terceiros"";"""";"""";"""";"""";""0,00"";"""";""0"";"""";"""";"""";""0"";"""";""0"";"""";"""";""0"";""NÃO"";""NÃO ESPECIFICADO"";""NÃO"";"""";"""";"""";""Centímetro"";""0,00"";""0,0000"";""0,0000"";""0,0000"";"""";""""
""16301737556"";""0058/D	"";""DIFUSOR X TRANSPARENTE"";""UN"";""3307.49.00"";""0"";""85,00"";""0,00"";"""";""Ativo"";""0,00"";""0,00"";""	1"";""LUISA BRENNAND BARBOSA CHIAPERINI"";"""";""0,00"";""0,00"";""0,000"";""0,000"";""	"";""	"";""0,00"";""0,00"";""0,00"";"""";"""";"""";""0,00"";"""";""Terceiros"";"""";"""";"""";"""";""0,00"";"""";""0"";"""";"""";"""";""0"";"""";""0"";"""";"""";""0"";""NÃO"";""NÃO ESPECIFICADO"";""NÃO"";"""";"""";"""";""Centímetro"";""0,00"";""0,0000"";""0,0000"";""0,0000"";"""";""""
""16301737554"";""0058/S	"";""SABONETE X TRANSPARENTE"";""UN"";""3307.49.00"";""0"";""72,00"";""0,00"";"""";""Ativo"";""0,00"";""0,00"";""	1"";""LUISA BRENNAND BARBOSA CHIAPERINI"";"""";""0,00"";""0,00"";""0,000"";""0,000"";""	"";""	"";""0,00"";""0,00"";""0,00"";"""";"""";"""";""0,00"";"""";""Terceiros"";"""";"""";"""";"""";""0,00"";"""";""0"";"""";"""";"""";""0"";"""";""0"";"""";"""";""0"";""NÃO"";""NÃO ESPECIFICADO"";""NÃO"";"""";"""";"""";""Centímetro"";""0,00"";""0,0000"";""0,0000"";""0,0000"";"""";""""
""16301737553"";""0056/S	"";""SABONETE X COLORIDO"";""UN"";""3307.49.00"";""0"";""76,00"";""0,00"";"""";""Ativo"";""3,00"";""0,00"";""	1"";""LUISA BRENNAND BARBOSA CHIAPERINI"";"""";""0,00"";""0,00"";""0,000"";""0,000"";""	"";""	"";""0,00"";""0,00"";""0,00"";"""";"""";"""";""0,00"";"""";""Terceiros"";"""";"""";"""";"""";""0,00"";"""";""0"";"""";"""";"""";""0"";"""";""0"";"""";"""";""0"";""NÃO"";""NÃO ESPECIFICADO"";""NÃO"";"""";"""";"""";""Centímetro"";""0,00"";""0,0000"";""0,0000"";""0,0000"";"""";""""
""16301737552"";""0056/D	"";""DIFUSOR X COLORIDO"";""UN"";""3307.49.00"";""0"";""96,00"";""0,00"";"""";""Ativo"";""3,00"";""0,00"";""	1"";""LUISA BRENNAND BARBOSA CHIAPERINI"";"""";""0,00"";""0,00"";""0,000"";""0,000"";""	"";""	"";""0,00"";""0,00"";""0,00"";"""";"""";"""";""0,00"";"""";""Terceiros"";"""";"""";"""";"""";""0,00"";"""";""0"";"""";"""";"""";""0"";"""";""0"";"""";"""";""0"";""NÃO"";""NÃO ESPECIFICADO"";""NÃO"";"""";"""";"""";""Centímetro"";""0,00"";""0,0000"";""0,0000"";""0,0000"";"""";""""
""16301737551"";""0146/BA	"";""BANDEJA ACRILICO"";""UN"";""7009.92.00"";""0"";""79,00"";""0,00"";"""";""Ativo"";""1,00"";""0,00"";""	1"";""LUISA BRENNAND BARBOSA CHIAPERINI"";"""";""0,00"";""0,00"";""0,000"";""0,000"";""	"";""	"";""0,00"";""0,00"";""0,00"";"""";"""";"""";""0,00"";"""";""Terceiros"";"""";"""";"""";"""";""0,00"";"""";""0"";"""";"""";"""";""0"";"""";""0"";"""";"""";""0"";""NÃO"";""NÃO ESPECIFICADO"";""NÃO"";"""";"""";"""";""Centímetro"";""0,00"";""0,0000"";""0,0000"";""0,0000"";"""";""""
""16301737548"";""01237/SA	"";""VIDRO CORAÇÃO SAIS DE BANHO"";""UN"";""3307.30.00"";""0"";""20,00"";""0,00"";"""";""Ativo"";""0,00"";""0,00"";""	1"";""LUISA BRENNAND BARBOSA CHIAPERINI"";"""";""0,00"";""0,00"";""0,000"";""0,000"";""	"";""	"";""0,00"";""0,00"";""0,00"";"""";"""";"""";""0,00"";""Variação"";""Terceiros"";"""";"""";"""";"""";""0,00"";"""";""0"";"""";"""";"""";""0"";"""";""0"";"""";"""";""0"";""NÃO"";""NÃO ESPECIFICADO"";""NÃO"";"""";"""";"""";""Centímetro"";""0,00"";""0,0000"";""0,0000"";""0,0000"";"""";""""
""16301737547"";""01237/H	"";""HOME SPRAY 30ML"";""UN"";""3307.49.00"";""0"";""15,00"";""0,00"";"""";""Ativo"";""129,00"";""0,00"";""	1"";""LUISA BRENNAND BARBOSA CHIAPERINI"";"""";""0,00"";""0,00"";""0,000"";""0,000"";""	"";""	"";""0,00"";""0,00"";""0,00"";"""";"""";"""";""0,00"";""Variação"";""Terceiros"";"""";"""";"""";"""";""0,00"";"""";""0"";"""";"""";"""";""0"";"""";""0"";"""";"""";""0"";""NÃO"";""NÃO ESPECIFICADO"";""NÃO"";"""";"""";"""";""Centímetro"";""0,00"";""0,0000"";""0,0000"";""0,0000"";"""";""""
""16301737546"";""0040/S	"";""SABONETE NINA COLORIDO 300ML"";""UN"";""3307.49.00"";""0"";""84,00"";""0,00"";"""";""Ativo"";""0,00"";""0,00"";""	1"";""LUISA BRENNAND BARBOSA CHIAPERINI"";"""";""0,00"";""0,00"";""0,000"";""0,000"";""	"";""	"";""0,00"";""0,00"";""0,00"";"""";"""";"""";""0,00"";"""";""Terceiros"";"""";"""";"""";"""";""0,00"";"""";""0"";"""";"""";"""";""0"";"""";""0"";"""";"""";""0"";""NÃO"";""NÃO ESPECIFICADO"";""NÃO"";"""";"""";"""";""Centímetro"";""0,00"";""0,0000"";""0,0000"";""0,0000"";"""";""""
""16301737544"";""0040/D	"";""DIFUSOR NINA COLORIDO 300ML"";""UN"";""3307.49.00"";""0"";""92,00"";""0,00"";"""";""Ativo"";""0,00"";""0,00"";""	1"";""LUISA BRENNAND BARBOSA CHIAPERINI"";"""";""0,00"";""0,00"";""0,000"";""0,000"";""	"";""	"";""0,00"";""0,00"";""0,00"";"""";"""";"""";""0,00"";"""";""Terceiros"";"""";"""";"""";"""";""0,00"";"""";""0"";"""";"""";"""";""0"";"""";""0"";"""";"""";""0"";""NÃO"";""NÃO ESPECIFICADO"";""NÃO"";"""";"""";"""";""Centímetro"";""0,00"";""0,0000"";""0,0000"";""0,0000"";"""";""""
""16301737543"";""0012/S	"";""SABONETE CACAU"";""UN"";""3307.49.00"";""0"";""74,00"";""0,00"";"""";""Ativo"";""0,00"";""0,00"";""	1"";""LUISA BRENNAND BARBOSA CHIAPERINI"";"""";""0,00"";""0,00"";""0,000"";""0,000"";""	"";""	"";""0,00"";""0,00"";""0,00"";"""";"""";"""";""0,00"";"""";""Terceiros"";"""";"""";"""";"""";""0,00"";"""";""0"";"""";"""";"""";""0"";"""";""0"";"""";"""";""0"";""NÃO"";""NÃO ESPECIFICADO"";""NÃO"";"""";"""";"""";""Centímetro"";""0,00"";""0,0000"";""0,0000"";""0,0000"";"""";""""
""16301737542"";""0012/D	"";""DIFUSOR CACAU"";""UN"";""3307.49.00"";""0"";""94,00"";""0,00"";"""";""Ativo"";""0,00"";""0,00"";""	1"";""LUISA BRENNAND BARBOSA CHIAPERINI"";"""";""0,00"";""0,00"";""0,000"";""0,000"";""	"";""	"";""0,00"";""0,00"";""0,00"";"""";"""";"""";""0,00"";"""";""Terceiros"";"""";"""";"""";"""";""0,00"";"""";""0"";"""";"""";"""";""0"";"""";""0"";"""";"""";""0"";""NÃO"";""NÃO ESPECIFICADO"";""NÃO"";"""";"""";"""";""Centímetro"";""0,00"";""0,0000"";""0,0000"";""0,0000"";"""";""""
""16301737541"";""0019/S	"";""SABONETE COROA"";""UN"";""3307.49.00"";""0"";""71,00"";""0,00"";"""";""Ativo"";""0,00"";""0,00"";""	1"";""LUISA BRENNAND BARBOSA CHIAPERINI"";"""";""0,00"";""0,00"";""0,000"";""0,000"";""	"";""	"";""0,00"";""0,00"";""0,00"";"""";"""";"""";""0,00"";"""";""Terceiros"";"""";"""";"""";"""";""0,00"";"""";""0"";"""";"""";"""";""0"";"""";""0"";"""";"""";""0"";""NÃO"";""NÃO ESPECIFICADO"";""NÃO"";"""";"""";"""";""Centímetro"";""0,00"";""0,0000"";""0,0000"";""0,0000"";"""";""""
""16301737539"";""0019/D	"";""DIFUSOR COROA"";""UN"";""3307.49.00"";""0"";""84,00"";""0,00"";"""";""Ativo"";""0,00"";""0,00"";""	1"";""LUISA BRENNAND BARBOSA CHIAPERINI"";"""";""0,00"";""0,00"";""0,000"";""0,000"";""	"";""	"";""0,00"";""0,00"";""0,00"";"""";"""";"""";""0,00"";"""";""Terceiros"";"""";"""";"""";"""";""0,00"";"""";""0"";"""";"""";"""";""0"";"""";""0"";"""";"""";""0"";""NÃO"";""NÃO ESPECIFICADO"";""NÃO"";"""";"""";"""";""Centímetro"";""0,00"";""0,0000"";""0,0000"";""0,0000"";"""";""""
""16301737537"";""009/F	"";""CAIXA VASO FLOR + SPRAY 2ML"";""UN"";""3307.49.00"";""0"";""25,00"";""0,00"";"""";""Ativo"";""55,00"";""0,00"";""	1"";""LUISA BRENNAND BARBOSA CHIAPERINI"";"""";""0,00"";""0,00"";""0,000"";""0,000"";""	"";""	"";""0,00"";""0,00"";""0,00"";"""";"""";"""";""0,00"";""Variação"";""Terceiros"";"""";"""";"""";"""";""0,00"";"""";""0"";"""";"""";"""";""0"";"""";""0"";"""";"""";""0"";""NÃO"";""NÃO ESPECIFICADO"";""NÃO"";"""";"""";"""";""Centímetro"";""0,00"";""0,0000"";""0,0000"";""0,0000"";"""";""""
""16301737535"";""0061/B	"";""BANDEJA CAIXA"";""UN"";""7009.92.00"";""0"";""95,00"";""0,00"";"""";""Ativo"";""0,00"";""0,00"";""	1"";""LUISA BRENNAND BARBOSA CHIAPERINI"";"""";""0,00"";""0,00"";""0,000"";""0,000"";""	"";""	"";""0,00"";""0,00"";""0,00"";"""";"""";"""";""0,00"";""Variação"";""Terceiros"";"""";"""";"""";"""";""0,00"";"""";""0"";"""";"""";"""";""0"";"""";""0"";"""";"""";""0"";""NÃO"";""NÃO ESPECIFICADO"";""NÃO"";"""";"""";"""";""Centímetro"";""0,00"";""0,0000"";""0,0000"";""0,0000"";"""";""""
""16301737533"";""0066/D	"";""REFIL AGUA PERFUMADA PARA ROUPAS"";""UN"";""3307.49.00"";""0"";""59,00"";""0,00"";"""";""Ativo"";""22,00"";""0,00"";""	1"";""LUISA BRENNAND BARBOSA CHIAPERINI"";"""";""0,00"";""0,00"";""0,000"";""0,000"";""	"";""	"";""0,00"";""0,00"";""0,00"";"""";"""";"""";""0,00"";"""";""Terceiros"";"""";"""";"""";"""";""0,00"";"""";""0"";"""";"""";"""";""0"";"""";""0"";"""";"""";""0"";""NÃO"";""NÃO ESPECIFICADO"";""NÃO"";"""";"""";"""";""Centímetro"";""0,00"";""0,0000"";""0,0000"";""0,0000"";"""";""""
""16301737531"";""0059/B	"";""BANDEJA LEITOSA M"";""UN"";""7009.92.00"";""0"";""72,00"";""0,00"";"""";""Ativo"";""4,00"";""0,00"";""	1"";""LUISA BRENNAND BARBOSA CHIAPERINI"";"""";""0,00"";""0,00"";""0,000"";""0,000"";""	"";""	"";""0,00"";""0,00"";""0,00"";"""";"""";"""";""0,00"";""Variação"";""Terceiros"";"""";"""";"""";"""";""0,00"";"""";""0"";"""";"""";"""";""0"";"""";""0"";"""";"""";""0"";""NÃO"";""NÃO ESPECIFICADO"";""NÃO"";"""";"""";"""";""Centímetro"";""0,00"";""0,0000"";""0,0000"";""0,0000"";"""";""""
""16301737528"";""005/SE	"";""Sachê envelope"";""UN"";""3307.49.00"";""0"";""18,00"";""0,00"";"""";""Ativo"";""0,00"";""0,00"";""	1"";""LUISA BRENNAND BARBOSA CHIAPERINI"";"""";""0,00"";""0,00"";""0,000"";""0,000"";""	"";""	"";""0,00"";""0,00"";""0,00"";"""";"""";"""";""0,00"";""Variação"";""Terceiros"";"""";"""";"""";"""";""0,00"";"""";""0"";"""";"""";"""";""0"";"""";""0"";"""";"""";""0"";""NÃO"";""NÃO ESPECIFICADO"";""NÃO"";"""";"""";"""";""Centímetro"";""0,00"";""0,0000"";""0,0000"";""0,0000"";"""";""""
""16301737527"";""0043/S	"";""SABONETE OVO DE PASCOA"";""UN"";""3401.11.90"";""0"";""18,00"";""0,00"";"""";""Ativo"";""0,00"";""0,00"";""	1"";""LUISA BRENNAND BARBOSA CHIAPERINI"";"""";""0,00"";""0,00"";""0,000"";""0,000"";""	"";""	"";""0,00"";""0,00"";""0,00"";"""";"""";"""";""0,00"";"""";""Terceiros"";"""";"""";"""";"""";""0,00"";"""";""0"";"""";"""";"""";""0"";"""";""0"";"""";"""";""0"";""NÃO"";""NÃO ESPECIFICADO"";""NÃO"";"""";"""";"""";""Centímetro"";""0,00"";""0,0000"";""0,0000"";""0,0000"";"""";""""
""16301737525"";""005/CO	"";""SABONETE DE PÁSCOA NA CAIXA"";""UN"";""3401.11.90"";""0"";""25,00"";""0,00"";"""";""Ativo"";""0,00"";""0,00"";""	1"";""LUISA BRENNAND BARBOSA CHIAPERINI"";"""";""0,00"";""0,00"";""0,000"";""0,000"";""	"";""	"";""0,00"";""0,00"";""0,00"";"""";"""";"""";""0,00"";"""";""Terceiros"";"""";"""";"""";"""";""0,00"";"""";""0"";"""";"""";"""";""0"";"""";""0"";"""";"""";""0"";""NÃO"";""NÃO ESPECIFICADO"";""NÃO"";"""";"""";"""";""Centímetro"";""0,00"";""0,0000"";""0,0000"";""0,0000"";"""";""""
""16301737522"";""004/VA	"";""KIT 5x VARETAS"";""UN"";""4421.99.00"";""0"";""6,00"";""0,00"";"""";""Ativo"";""32,00"";""0,00"";""	1"";""LUISA BRENNAND BARBOSA CHIAPERINI"";"""";""0,00"";""0,00"";""0,000"";""0,000"";""	"";""	"";""0,00"";""0,00"";""0,00"";"""";"""";"""";""0,00"";""Variação"";""Terceiros"";"""";"""";"""";"""";""0,00"";"""";""0"";"""";"""";"""";""0"";"""";""0"";"""";"""";""0"";""NÃO"";""NÃO ESPECIFICADO"";""NÃO"";"""";"""";"""";""Centímetro"";""0,00"";""0,0000"";""0,0000"";""0,0000"";"""";""""
""16301737520"";""0022/S	"";""SABONETE CUBO COLORIDO 250ML"";""UN"";""3307.49.00"";""0"";""76,00"";""0,00"";"""";""Ativo"";""9,00"";""0,00"";""	1"";""LUISA BRENNAND BARBOSA CHIAPERINI"";"""";""0,00"";""0,00"";""0,000"";""0,000"";""	"";""	"";""0,00"";""0,00"";""0,00"";"""";"""";"""";""0,00"";"""";""Terceiros"";"""";"""";"""";"""";""0,00"";"""";""0"";"""";"""";"""";""0"";"""";""0"";"""";"""";""0"";""NÃO"";""NÃO ESPECIFICADO"";""NÃO"";"""";"""";"""";""Centímetro"";""0,00"";""0,0000"";""0,0000"";""0,0000"";"""";""""
""16301737519"";""0022/D	"";""DIFUSOR CUBO COLORIDO 250ML"";""UN"";""3307.49.00"";""0"";""94,00"";""0,00"";"""";""Ativo"";""6,00"";""0,00"";""	1"";""LUISA BRENNAND BARBOSA CHIAPERINI"";"""";""0,00"";""0,00"";""0,000"";""0,000"";""	"";""	"";""0,00"";""0,00"";""0,00"";"""";"""";"""";""0,00"";"""";""Terceiros"";"""";"""";"""";"""";""0,00"";"""";""0"";"""";"""";"""";""0"";"""";""0"";"""";"""";""0"";""NÃO"";""NÃO ESPECIFICADO"";""NÃO"";"""";"""";"""";""Centímetro"";""0,00"";""0,0000"";""0,0000"";""0,0000"";"""";""""
""16301737516"";""0023/S	"";""SABONETE CUBO TRANSPARENTE 250ML"";""UN"";""3307.49.00"";""0"";""72,00"";""0,00"";"""";""Ativo"";""22,00"";""0,00"";""	1"";""LUISA BRENNAND BARBOSA CHIAPERINI"";"""";""0,00"";""0,00"";""0,000"";""0,000"";""	"";""	"";""0,00"";""0,00"";""0,00"";"""";"""";"""";""0,00"";"""";""Terceiros"";"""";"""";"""";"""";""0,00"";"""";""0"";"""";"""";"""";""0"";"""";""0"";"""";"""";""0"";""NÃO"";""NÃO ESPECIFICADO"";""NÃO"";"""";"""";"""";""Centímetro"";""0,00"";""0,0000"";""0,0000"";""0,0000"";"""";""""
""16301737515"";""0023/D	"";""DIFUSOR CUBO TRANSPARENTE 250ML"";""UN"";""3307.49.00"";""0"";""82,00"";""0,00"";"""";""Ativo"";""20,00"";""0,00"";""	1"";""LUISA BRENNAND BARBOSA CHIAPERINI"";"""";""0,00"";""0,00"";""0,000"";""0,000"";""	"";""	"";""0,00"";""0,00"";""0,00"";"""";"""";"""";""0,00"";"""";""Terceiros"";"""";"""";"""";"""";""0,00"";"""";""0"";"""";"""";"""";""0"";"""";""0"";"""";"""";""0"";""NÃO"";""NÃO ESPECIFICADO"";""NÃO"";"""";"""";"""";""Centímetro"";""0,00"";""0,0000"";""0,0000"";""0,0000"";"""";""""
""16301737514"";""3009	"";""FR VIDRO QUADR. 250ML"";""UN"";""7010.90.21"";""0"";""5,73"";""0,00"";"""";""Ativo"";""0,00"";""0,00"";""	1"";""LUISA BRENNAND BARBOSA CHIAPERINI"";"""";""0,00"";""0,00"";""0,000"";""0,000"";""	"";""	"";""0,00"";""0,00"";""0,00"";"""";"""";"""";""0,00"";""Variação"";""Terceiros"";"""";"""";"""";"""";""0,00"";"""";""0"";"""";"""";"""";""0"";"""";""0"";"""";"""";""0"";""NÃO"";""NÃO ESPECIFICADO"";""NÃO"";"""";"""";"""";""Centímetro"";""0,00"";""0,0000"";""0,0000"";""0,0000"";"""";""""
""16301737513"";""0044/D	"";""DIFUSOR POTTER 300ML"";""UN"";""3307.49.00"";""0"";""85,00"";""0,00"";"""";""Ativo"";""0,00"";""0,00"";""	1"";""LUISA BRENNAND BARBOSA CHIAPERINI"";"""";""0,00"";""0,00"";""0,000"";""0,000"";""	"";""	"";""0,00"";""0,00"";""0,00"";"""";"""";"""";""0,00"";"""";""Terceiros"";"""";"""";"""";"""";""0,00"";"""";""0"";"""";"""";"""";""0"";"""";""0"";"""";"""";""0"";""NÃO"";""NÃO ESPECIFICADO"";""NÃO"";"""";"""";"""";""Centímetro"";""0,00"";""0,0000"";""0,0000"";""0,0000"";"""";""""
""16301737512"";""0027/D	"";""DIFUSOR ELEGANCE"";""UN"";""3307.49.00"";""0"";""84,00"";""0,00"";"""";""Ativo"";""0,00"";""0,00"";""	1"";""LUISA BRENNAND BARBOSA CHIAPERINI"";"""";""0,00"";""0,00"";""0,000"";""0,000"";""	"";""	"";""0,00"";""0,00"";""0,00"";"""";"""";"""";""0,00"";"""";""Terceiros"";"""";"""";"""";"""";""0,00"";"""";""0"";"""";"""";"""";""0"";"""";""0"";"""";"""";""0"";""NÃO"";""NÃO ESPECIFICADO"";""NÃO"";"""";"""";"""";""Centímetro"";""0,00"";""0,0000"";""0,0000"";""0,0000"";"""";""""
""16301737511"";""0048/D	"";""DIFUSOR ROLHA VIDRO COLORIDO"";""UN"";""3307.49.00"";""0"";""65,00"";""0,00"";"""";""Ativo"";""0,00"";""0,00"";""	1"";""LUISA BRENNAND BARBOSA CHIAPERINI"";"""";""0,00"";""0,00"";""0,000"";""0,000"";""	"";""	"";""0,00"";""0,00"";""0,00"";"""";"""";"""";""0,00"";"""";""Terceiros"";"""";"""";"""";"""";""0,00"";"""";""0"";"""";"""";"""";""0"";"""";""0"";"""";"""";""0"";""NÃO"";""NÃO ESPECIFICADO"";""NÃO"";"""";"""";"""";""Centímetro"";""0,00"";""0,0000"";""0,0000"";""0,0000"";"""";""""
""16301737509"";""0033/D	"";""DIFUSOR LAMPE COLORIDO 300ML"";""UN"";""3307.49.00"";""0"";""100,00"";""0,00"";"""";""Ativo"";""8,00"";""0,00"";""	1"";""LUISA BRENNAND BARBOSA CHIAPERINI"";"""";""0,00"";""0,00"";""0,000"";""0,000"";""	"";""	"";""0,00"";""0,00"";""0,00"";"""";"""";"""";""0,00"";"""";""Terceiros"";"""";"""";"""";"""";""0,00"";"""";""0"";"""";"""";"""";""0"";"""";""0"";"""";"""";""0"";""NÃO"";""NÃO ESPECIFICADO"";""NÃO"";"""";"""";"""";""Centímetro"";""0,00"";""0,0000"";""0,0000"";""0,0000"";"""";""""
""16301737508"";""00124/B	"";""BANDEJA LEITOSO"";""UN"";""7009.92.00"";""0"";""69,00"";""0,00"";"""";""Ativo"";""13,00"";""0,00"";""	1"";""LUISA BRENNAND BARBOSA CHIAPERINI"";"""";""0,00"";""0,00"";""0,000"";""0,000"";""	"";""	"";""0,00"";""0,00"";""0,00"";"""";"""";"""";""0,00"";""Variação"";""Terceiros"";"""";"""";"""";"""";""0,00"";"""";""0"";"""";"""";"""";""0"";"""";""0"";"""";"""";""0"";""NÃO"";""NÃO ESPECIFICADO"";""NÃO"";"""";"""";"""";""Centímetro"";""0,00"";""0,0000"";""0,0000"";""0,0000"";"""";""""
""16301737506"";""00123/B	"";""BANDEJA ESPELHADA PP"";""UN"";""7009.92.00"";""0"";""35,00"";""0,00"";"""";""Ativo"";""23,00"";""0,00"";""	1"";""LUISA BRENNAND BARBOSA CHIAPERINI"";"""";""0,00"";""0,00"";""0,000"";""0,000"";""	"";""	"";""0,00"";""0,00"";""0,00"";"""";"""";"""";""0,00"";""Variação"";""Terceiros"";"""";"""";"""";"""";""0,00"";"""";""0"";"""";"""";"""";""0"";"""";""0"";"""";"""";""0"";""NÃO"";""NÃO ESPECIFICADO"";""NÃO"";"""";"""";"""";""Centímetro"";""0,00"";""0,0000"";""0,0000"";""0,0000"";"""";""""
""16301737504"";""00122/B	"";""BANDEJA ESPELHADA P"";""UN"";""7009.92.00"";""0"";""55,00"";""0,00"";"""";""Ativo"";""18,00"";""0,00"";""	1"";""LUISA BRENNAND BARBOSA CHIAPERINI"";"""";""0,00"";""0,00"";""0,000"";""0,000"";""	"";""	"";""0,00"";""0,00"";""0,00"";"""";"""";"""";""0,00"";""Variação"";""Terceiros"";"""";"""";"""";"""";""0,00"";"""";""0"";"""";"""";"""";""0"";"""";""0"";"""";"""";""0"";""NÃO"";""NÃO ESPECIFICADO"";""NÃO"";"""";"""";"""";""Centímetro"";""0,00"";""0,0000"";""0,0000"";""0,0000"";"""";""""
""16301737503"";""00118/B	"";""BANDEJA MARMORE"";""UN"";""7009.92.00"";""0"";""82,00"";""0,00"";"""";""Ativo"";""0,00"";""0,00"";""	1"";""LUISA BRENNAND BARBOSA CHIAPERINI"";"""";""0,00"";""0,00"";""0,000"";""0,000"";""	"";""	"";""0,00"";""0,00"";""0,00"";"""";"""";"""";""0,00"";"""";""Terceiros"";"""";"""";"""";"""";""0,00"";"""";""0"";"""";"""";"""";""0"";"""";""0"";"""";"""";""0"";""NÃO"";""NÃO ESPECIFICADO"";""NÃO"";"""";"""";"""";""Centímetro"";""0,00"";""0,0000"";""0,0000"";""0,0000"";"""";""""
""16301737502"";""001/H	"";""Hidratante"";""UN"";""3304.99.10"";""0"";""32,90"";""0,00"";"""";""Ativo"";""0,00"";""0,00"";""	1"";""LUISA BRENNAND BARBOSA CHIAPERINI"";"""";""0,00"";""0,00"";""0,000"";""0,000"";""	"";""	"";""0,00"";""0,00"";""0,00"";"""";"""";"""";""0,00"";""Variação"";""Terceiros"";"""";"""";"""";"""";""0,00"";"""";""0"";"""";"""";"""";""0"";"""";""0"";"""";"""";""0"";""NÃO"";""NÃO ESPECIFICADO"";""NÃO"";"""";"""";"""";""Centímetro"";""0,00"";""0,0000"";""0,0000"";""0,0000"";"""";""""
""16301737500"";""00057/B	"";""BANDEJA ESPELHADA M"";""UN"";""7009.92.00"";""0"";""69,00"";""0,00"";"""";""Ativo"";""22,00"";""0,00"";""	1"";""LUISA BRENNAND BARBOSA CHIAPERINI"";"""";""0,00"";""0,00"";""0,000"";""0,000"";""	"";""	"";""0,00"";""0,00"";""0,00"";"""";"""";"""";""0,00"";""Variação"";""Terceiros"";"""";"""";"""";"""";""0,00"";"""";""0"";"""";"""";"""";""0"";"""";""0"";"""";"""";""0"";""NÃO"";""NÃO ESPECIFICADO"";""NÃO"";"""";"""";"""";""Centímetro"";""0,00"";""0,0000"";""0,0000"";""0,0000"";"""";""""
""16301737499"";""0005/VA	"";""VARETA COSTELA DE ADÃO"";""UN"";""4421.99.00"";""0"";""5,00"";""0,00"";"""";""Ativo"";""0,00"";""0,00"";""	1"";""LUISA BRENNAND BARBOSA CHIAPERINI"";"""";""0,00"";""0,00"";""0,000"";""0,000"";""	"";""	"";""0,00"";""0,00"";""0,00"";"""";"""";"""";""0,00"";""Variação"";""Terceiros"";"""";"""";"""";"""";""0,00"";"""";""0"";"""";"""";"""";""0"";"""";""0"";"""";"""";""0"";""NÃO"";""NÃO ESPECIFICADO"";""NÃO"";"""";"""";"""";""Centímetro"";""0,00"";""0,0000"";""0,0000"";""0,0000"";"""";""""
""16301737498"";""0067/D	"";""AROMATIZADOR PARA CARRO 15ML"";""UN"";""3307.49.00"";""0"";""32,00"";""0,00"";"""";""Ativo"";""81,00"";""0,00"";""	1"";""LUISA BRENNAND BARBOSA CHIAPERINI"";"""";""0,00"";""0,00"";""0,000"";""0,000"";""	"";""	"";""0,00"";""0,00"";""0,00"";"""";"""";"""";""0,00"";"""";""Terceiros"";"""";"""";"""";"""";""0,00"";"""";""0"";"""";"""";"""";""0"";"""";""0"";"""";"""";""0"";""NÃO"";""NÃO ESPECIFICADO"";""NÃO"";"""";"""";"""";""Centímetro"";""0,00"";""0,0000"";""0,0000"";""0,0000"";"""";""""
""16301737497"";""3096	"";""Valvula B.Pato Larga Dourada R.28/410"";""UN"";""8481.80.91"";""0"";""5,35"";""0,00"";"""";""Ativo"";""0,00"";""0,00"";""	1"";""LUISA BRENNAND BARBOSA CHIAPERINI"";"""";""0,00"";""0,00"";""0,000"";""0,000"";""	"";""	"";""0,00"";""0,00"";""0,00"";"""";"""";"""";""0,00"";""Variação"";""Terceiros"";"""";"""";"""";"""";""0,00"";"""";""0"";"""";"""";"""";""0"";"""";""0"";"""";"""";""0"";""NÃO"";""NÃO ESPECIFICADO"";""NÃO"";"""";"""";"""";""Centímetro"";""0,00"";""0,0000"";""0,0000"";""0,0000"";"""";""""
""16301737496"";""0052/S	"";""SABONETE TEXAS"";""UN"";""3307.49.00"";""0"";""72,00"";""0,00"";"""";""Ativo"";""0,00"";""0,00"";""	1"";""LUISA BRENNAND BARBOSA CHIAPERINI"";"""";""0,00"";""0,00"";""0,000"";""0,000"";""	"";""	"";""0,00"";""0,00"";""0,00"";"""";"""";"""";""0,00"";"""";""Terceiros"";"""";"""";"""";"""";""0,00"";"""";""0"";"""";"""";"""";""0"";"""";""0"";"""";"""";""0"";""NÃO"";""NÃO ESPECIFICADO"";""NÃO"";"""";"""";"""";""Centímetro"";""0,00"";""0,0000"";""0,0000"";""0,0000"";"""";""""
""16301737493"";""0052/D	"";""DIFUSOR TEXAS"";""UN"";""3307.49.00"";""0"";""89,00"";""0,00"";"""";""Ativo"";""0,00"";""0,00"";""	1"";""LUISA BRENNAND BARBOSA CHIAPERINI"";"""";""0,00"";""0,00"";""0,000"";""0,000"";""	"";""	"";""0,00"";""0,00"";""0,00"";"""";"""";"""";""0,00"";"""";""Terceiros"";"""";"""";"""";"""";""0,00"";"""";""0"";"""";"""";"""";""0"";"""";""0"";"""";"""";""0"";""NÃO"";""NÃO ESPECIFICADO"";""NÃO"";"""";"""";"""";""Centímetro"";""0,00"";""0,0000"";""0,0000"";""0,0000"";"""";""""
""16301737491"";""0017/D	"";""DIFUSOR CINDY 50ML"";""UN"";""3307.49.00"";""0"";""36,00"";""0,00"";"""";""Ativo"";""0,00"";""0,00"";""	1"";""LUISA BRENNAND BARBOSA CHIAPERINI"";"""";""0,00"";""0,00"";""0,000"";""0,000"";""	"";""	"";""0,00"";""0,00"";""0,00"";"""";"""";"""";""0,00"";"""";""Terceiros"";"""";"""";"""";"""";""0,00"";"""";""0"";"""";"""";"""";""0"";"""";""0"";"""";"""";""0"";""NÃO"";""NÃO ESPECIFICADO"";""NÃO"";"""";"""";"""";""Centímetro"";""0,00"";""0,0000"";""0,0000"";""0,0000"";"""";""""
""16301737490"";""0001/A	"";""Acessorio"";""UN"";""6806.90.10"";""0"";""12,00"";""0,00"";"""";""Ativo"";""0,00"";""0,00"";""	1"";""LUISA BRENNAND BARBOSA CHIAPERINI"";"""";""0,00"";""0,00"";""0,000"";""0,000"";""	"";""	"";""0,00"";""0,00"";""0,00"";"""";"""";"""";""0,00"";""Variação"";""Terceiros"";"""";"""";"""";"""";""0,00"";"""";""0"";"""";"""";"""";""0"";"""";""0"";"""";"""";""0"";""NÃO"";""NÃO ESPECIFICADO"";""NÃO"";"""";"""";"""";""Centímetro"";""0,00"";""0,0000"";""0,0000"";""0,0000"";"""";""""
""16301400884"";""001	"";""Copo do Bling"";"""";"""";""0"";""5,00"";""0,00"";"""";""Ativo"";""0,00"";""0,00"";""	"";"""";"""";""0,00"";""0,00"";""0,000"";""0,000"";""	"";""	"";""0,00"";""0,00"";""0,00"";"""";"""";"""";""0,00"";"""";""Própria"";"""";"""";"""";"""";""0,00"";"""";""0"";"""";"""";"""";""0"";"""";""0"";"""";"""";"""";""NÃO"";""NÃO ESPECIFICADO"";""NÃO"";"""";"""";"""";""Metros"";""0,00"";""0,0000"";""0,0000"";""0,0000"";"""";""""
"